Rn,seasonType,leagueId,eventId,date,venueId,attendance,homeTeamId,awayTeamId,homeTeamWinner,awayTeamWinner,homeTeamScore,awayTeamScore,homeTeamShootoutScore,awayTeamShootoutScore,statusId,updateTime,source_file,table_type,team_relation,year,last_matchDateTime,teamRank,teamId,gamesPlayed,wins,ties,losses,points,gf,ga,gd,deductions,clean_sheet,form,next_opponent,next_homeAway,next_matchDateTime,timeStamp,seasonYear,midsizeName,teamName,athleteId,playerDisplayName,jersey,position,teamOrder,possessionPct,foulsCommitted,yellowCards,redCards,offsides,wonCorners,saves,totalShots,shotsOnTarget,shotPct,penaltyKickGoals,penaltyKickShots,accuratePasses,totalPasses,passPct,accurateCrosses,totalCrosses,crossPct,totalLongBalls,accurateLongBalls,longballPct,blockedShots,effectiveTackles,totalTackles,tacklePct,interceptions,effectiveClearance,totalClearance
1.0,12602,5330.0,723147.0,2024-12-15 15:30:00,178.0,49420.0,256.0,257.0,True,False,3.0,3.0,5.0,4.0,47.0,2024-12-16 05:26:11,fixtures.csv,fixtures,homeTeamId,,,,,,,,,,,,,,,,,,,,,,,,,,,,,,,,,,,,,,,,,,,,,,,,,,,,,,,
1.0,12603,5330.0,721456.0,2024-11-02 17:30:00,178.0,47544.0,256.0,263.0,True,False,6.0,0.0,0.0,0.0,28.0,2024-11-02 20:53:07,fixtures.csv,fixtures,homeTeamId,,,,,,,,,,,,,,,,,,,,,,,,,,,,,,,,,,,,,,,,,,,,,,,,,,,,,,,
4.0,12604,5330.0,719311.0,2024-09-22 14:00:00,161.0,42960.0,256.0,254.0,True,False,5.0,2.0,0.0,0.0,28.0,2024-09-23 04:21:12,fixtures.csv,fixtures,homeTeamId,,,,,,,,,,,,,,,,,,,,,,,,,,,,,,,,,,,,,,,,,,,,,,,,,,,,,,,
8.0,12605,5330.0,717329.0,2024-08-18 14:00:00,161.0,47370.0,256.0,258.0,True,False,3.0,1.0,0.0,0.0,28.0,2024-08-21 04:19:17,fixtures.csv,fixtures,homeTeamId,,,,,,,,,,,,,,,,,,,,,,,,,,,,,,,,,,,,,,,,,,,,,,,,,,,,,,,
5.0,12724,735.0,709926.0,2024-08-04 15:30:00,161.0,58712.0,256.0,260.0,True,False,4.0,0.0,0.0,0.0,28.0,2024-08-07 08:16:38,fixtures.csv,fixtures,homeTeamId,,,,,,,,,,,,,,,,,,,,,,,,,,,,,,,,,,,,,,,,,,,,,,,,,,,,,,,
22.0,12724,735.0,709940.0,2024-09-01 11:30:00,161.0,59612.0,256.0,257.0,True,False,3.0,0.0,0.0,0.0,28.0,2024-09-02 04:22:20,fixtures.csv,fixtures,homeTeamId,,,,,,,,,,,,,,,,,,,,,,,,,,,,,,,,,,,,,,,,,,,,,,,,,,,,,,,
26.0,12724,735.0,709947.0,2024-09-14 14:00:00,161.0,58872.0,256.0,262.0,True,False,2.0,0.0,0.0,0.0,28.0,2024-09-19 04:16:09,fixtures.csv,fixtures,homeTeamId,,,,,,,,,,,,,,,,,,,,,,,,,,,,,,,,,,,,,,,,,,,,,,,,,,,,,,,
45.0,12724,735.0,709964.0,2024-10-19 14:00:00,161.0,58890.0,256.0,263.0,False,False,2.0,2.0,0.0,0.0,28.0,2024-10-22 22:39:04,fixtures.csv,fixtures,homeTeamId,,,,,,,,,,,,,,,,,,,,,,,,,,,,,,,,,,,,,,,,,,,,,,,,,,,,,,,
57.0,12724,735.0,709977.0,2024-10-30 19:45:00,161.0,58751.0,256.0,261.0,True,False,2.0,0.0,0.0,0.0,28.0,2024-11-02 13:57:36,fixtures.csv,fixtures,homeTeamId,,,,,,,,,,,,,,,,,,,,,,,,,,,,,,,,,,,,,,,,,,,,,,,,,,,,,,,
80.0,12724,735.0,710000.0,2024-11-30 15:00:00,161.0,58436.0,256.0,251.0,True,False,5.0,0.0,0.0,0.0,28.0,2024-12-03 05:25:29,fixtures.csv,fixtures,homeTeamId,,,,,,,,,,,,,,,,,,,,,,,,,,,,,,,,,,,,,,,,,,,,,,,,,,,,,,,
90.0,12724,735.0,710013.0,2024-12-07 15:00:00,161.0,58641.0,256.0,258.0,True,False,3.0,0.0,0.0,0.0,28.0,2025-04-05 06:21:28,fixtures.csv,fixtures,homeTeamId,,,,,,,,,,,,,,,,,,,,,,,,,,,,,,,,,,,,,,,,,,,,,,,,,,,,,,,
107.0,12724,735.0,710033.0,2024-12-26 15:00:00,161.0,58687.0,256.0,266.0,True,False,4.0,0.0,0.0,0.0,28.0,2024-12-27 05:20:43,fixtures.csv,fixtures,homeTeamId,,,,,,,,,,,,,,,,,,,,,,,,,,,,,,,,,,,,,,,,,,,,,,,,,,,,,,,
115.0,12724,735.0,710041.0,2024-12-29 15:00:00,161.0,58645.0,256.0,267.0,True,False,4.0,0.0,0.0,0.0,28.0,2024-12-31 05:18:07,fixtures.csv,fixtures,homeTeamId,,,,,,,,,,,,,,,,,,,,,,,,,,,,,,,,,,,,,,,,,,,,,,,,,,,,,,,
125.0,12724,735.0,710048.0,2025-01-05 15:00:00,161.0,58838.0,256.0,250.0,True,False,3.0,0.0,0.0,0.0,28.0,2025-01-07 05:17:26,fixtures.csv,fixtures,homeTeamId,,,,,,,,,,,,,,,,,,,,,,,,,,,,,,,,,,,,,,,,,,,,,,,,,,,,,,,
129.0,12724,735.0,709982.0,2025-01-08 19:45:00,161.0,58460.0,256.0,264.0,True,False,2.0,0.0,0.0,0.0,28.0,2025-01-28 14:17:09,fixtures.csv,fixtures,homeTeamId,,,,,,,,,,,,,,,,,,,,,,,,,,,,,,,,,,,,,,,,,,,,,,,,,,,,,,,
150.0,12724,735.0,710061.0,2025-02-05 19:45:00,161.0,58541.0,256.0,261.0,True,False,6.0,0.0,0.0,0.0,28.0,2025-02-07 05:21:05,fixtures.csv,fixtures,homeTeamId,,,,,,,,,,,,,,,,,,,,,,,,,,,,,,,,,,,,,,,,,,,,,,,,,,,,,,,
151.0,12724,735.0,710072.0,2025-02-15 15:00:00,161.0,58989.0,256.0,264.0,True,False,3.0,0.0,0.0,0.0,28.0,2025-02-17 05:26:14,fixtures.csv,fixtures,homeTeamId,,,,,,,,,,,,,,,,,,,,,,,,,,,,,,,,,,,,,,,,,,,,,,,,,,,,,,,
163.0,12724,735.0,710084.0,2025-02-25 20:00:00,161.0,58756.0,256.0,263.0,True,False,5.0,1.0,0.0,0.0,28.0,2025-02-28 05:25:57,fixtures.csv,fixtures,homeTeamId,,,,,,,,,,,,,,,,,,,,,,,,,,,,,,,,,,,,,,,,,,,,,,,,,,,,,,,
179.0,12724,735.0,710096.0,2025-03-16 12:30:00,161.0,58913.0,256.0,257.0,False,True,2.0,3.0,0.0,0.0,28.0,2025-03-17 04:23:14,fixtures.csv,fixtures,homeTeamId,,,,,,,,,,,,,,,,,,,,,,,,,,,,,,,,,,,,,,,,,,,,,,,,,,,,,,,
184.0,12724,735.0,710107.0,2025-03-29 15:00:00,161.0,0.0,256.0,262.0,True,False,3.0,0.0,0.0,0.0,28.0,2025-04-01 04:20:02,fixtures.csv,fixtures,homeTeamId,,,,,,,,,,,,,,,,,,,,,,,,,,,,,,,,,,,,,,,,,,,,,,,,,,,,,,,
193.0,12724,735.0,710115.0,2025-04-12 11:30:00,161.0,58712.0,256.0,260.0,True,False,5.0,1.0,0.0,0.0,28.0,2025-04-16 04:22:46,fixtures.csv,fixtures,homeTeamId,,,,,,,,,,,,,,,,,,,,,,,,,,,,,,,,,,,,,,,,,,,,,,,,,,,,,,,
211.0,12724,735.0,735373.0,2025-05-10 14:00:00,161.0,58972.0,256.0,258.0,True,False,3.0,1.0,0.0,0.0,28.0,2025-05-12 04:22:54,fixtures.csv,fixtures,homeTeamId,,,,,,,,,,,,,,,,,,,,,,,,,,,,,,,,,,,,,,,,,,,,,,,,,,,,,,,
223.0,12724,735.0,735385.0,2025-05-17 11:30:00,161.0,58889.0,256.0,250.0,False,False,1.0,1.0,0.0,0.0,28.0,2025-05-18 04:26:26,fixtures.csv,fixtures,homeTeamId,,,,,,,,,,,,,,,,,,,,,,,,,,,,,,,,,,,,,,,,,,,,,,,,,,,,,,,
11.0,12885,775.0,720427.0,2024-09-18 19:00:00,161.0,56826.0,256.0,521.0,True,False,5.0,1.0,0.0,0.0,28.0,2024-09-23 04:16:19,fixtures.csv,fixtures,homeTeamId,,,,,,,,,,,,,,,,,,,,,,,,,,,,,,,,,,,,,,,,,,,,,,,,,,,,,,,
58.0,12885,775.0,720377.0,2024-11-05 20:00:00,161.0,57551.0,256.0,11420.0,True,False,3.0,1.0,0.0,0.0,28.0,2024-11-07 05:37:02,fixtures.csv,fixtures,homeTeamId,,,,,,,,,,,,,,,,,,,,,,,,,,,,,,,,,,,,,,,,,,,,,,,,,,,,,,,
86.0,12885,775.0,720404.0,2024-11-27 20:00:00,161.0,57456.0,256.0,570.0,False,False,1.0,1.0,0.0,0.0,28.0,2024-11-28 05:29:46,fixtures.csv,fixtures,homeTeamId,,,,,,,,,,,,,,,,,,,,,,,,,,,,,,,,,,,,,,,,,,,,,,,,,,,,,,,
122.0,12885,775.0,720342.0,2025-01-22 20:00:00,161.0,56544.0,256.0,2722.0,True,False,1.0,0.0,0.0,0.0,28.0,2025-01-23 05:14:46,fixtures.csv,fixtures,homeTeamId,,,,,,,,,,,,,,,,,,,,,,,,,,,,,,,,,,,,,,,,,,,,,,,,,,,,,,,
6.0,12886,775.0,732186.0,2025-02-12 20:00:00,161.0,57406.0,256.0,132.0,False,True,1.0,2.0,0.0,0.0,28.0,2025-02-13 05:27:03,fixtures.csv,fixtures,homeTeamId,,,,,,,,,,,,,,,,,,,,,,,,,,,,,,,,,,,,,,,,,,,,,,,,,,,,,,,
3.0,12901,3959.0,732575.0,2025-03-09 15:00:00,161.0,58911.0,256.0,258.0,True,False,2.0,0.0,0.0,0.0,28.0,2025-03-21 04:19:31,fixtures.csv,fixtures,homeTeamId,,,,,,,,,,,,,,,,,,,,,,,,,,,,,,,,,,,,,,,,,,,,,,,,,,,,,,,
5.0,12902,3959.0,731056.0,2025-02-08 17:30:00,161.0,39207.0,256.0,249.0,True,False,5.0,0.0,0.0,0.0,28.0,2025-02-09 05:25:29,fixtures.csv,fixtures,homeTeamId,,,,,,,,,,,,,,,,,,,,,,,,,,,,,,,,,,,,,,,,,,,,,,,,,,,,,,,
13.0,12903,3959.0,724027.0,2025-01-18 17:30:00,161.0,40916.0,256.0,260.0,True,False,2.0,1.0,0.0,0.0,28.0,2025-01-19 05:16:19,fixtures.csv,fixtures,homeTeamId,,,,,,,,,,,,,,,,,,,,,,,,,,,,,,,,,,,,,,,,,,,,,,,,,,,,,,,
103.0,12282,19834.0,701272.0,2024-07-23 23:30:00,9551.0,30000.0,382.0,256.0,False,True,3.0,4.0,0.0,0.0,28.0,2024-07-25 10:41:54,fixtures.csv,fixtures,awayTeamId,,,,,,,,,,,,,,,,,,,,,,,,,,,,,,,,,,,,,,,,,,,,,,,,,,,,,,,
134.0,12282,19834.0,701273.0,2024-07-27 20:00:00,8089.0,35000.0,363.0,256.0,False,True,1.0,4.0,0.0,0.0,28.0,2024-08-10 08:06:43,fixtures.csv,fixtures,awayTeamId,,,,,,,,,,,,,,,,,,,,,,,,,,,,,,,,,,,,,,,,,,,,,,,,,,,,,,,
10.0,12724,735.0,709933.0,2024-08-11 11:30:00,163.0,17918.0,258.0,256.0,False,True,0.0,2.0,0.0,0.0,28.0,2024-08-12 08:16:15,fixtures.csv,fixtures,awayTeamId,,,,,,,,,,,,,,,,,,,,,,,,,,,,,,,,,,,,,,,,,,,,,,,,,,,,,,,
16.0,12724,735.0,709939.0,2024-08-25 11:00:00,6827.0,6940.0,250.0,256.0,False,True,0.0,3.0,0.0,0.0,28.0,2024-08-26 04:21:17,fixtures.csv,fixtures,awayTeamId,,,,,,,,,,,,,,,,,,,,,,,,,,,,,,,,,,,,,,,,,,,,,,,,,,,,,,,
37.0,12724,735.0,709957.0,2024-09-28 16:45:00,1344.0,7036.0,267.0,256.0,False,True,0.0,6.0,0.0,0.0,28.0,2024-09-29 04:22:44,fixtures.csv,fixtures,awayTeamId,,,,,,,,,,,,,,,,,,,,,,,,,,,,,,,,,,,,,,,,,,,,,,,,,,,,,,,
42.0,12724,735.0,709962.0,2024-10-06 11:00:00,6661.0,6372.0,251.0,256.0,False,True,1.0,2.0,0.0,0.0,28.0,2024-10-07 04:21:08,fixtures.csv,fixtures,awayTeamId,,,,,,,,,,,,,,,,,,,,,,,,,,,,,,,,,,,,,,,,,,,,,,,,,,,,,,,
55.0,12724,735.0,709973.0,2024-10-27 15:00:00,5897.0,8692.0,266.0,256.0,False,True,0.0,3.0,0.0,0.0,28.0,2024-10-28 04:40:20,fixtures.csv,fixtures,awayTeamId,,,,,,,,,,,,,,,,,,,,,,,,,,,,,,,,,,,,,,,,,,,,,,,,,,,,,,,
71.0,12724,735.0,709991.0,2024-11-10 15:00:00,6306.0,8657.0,260.0,256.0,False,True,0.0,2.0,0.0,0.0,28.0,2024-11-10 17:44:07,fixtures.csv,fixtures,awayTeamId,,,,,,,,,,,,,,,,,,,,,,,,,,,,,,,,,,,,,,,,,,,,,,,,,,,,,,,
78.0,12724,735.0,709995.0,2024-11-23 19:45:00,236.0,17894.0,262.0,256.0,False,True,1.0,4.0,0.0,0.0,28.0,2024-11-27 05:26:02,fixtures.csv,fixtures,awayTeamId,,,,,,,,,,,,,,,,,,,,,,,,,,,,,,,,,,,,,,,,,,,,,,,,,,,,,,,
88.0,12724,735.0,710006.0,2024-12-04 20:00:00,234.0,18043.0,263.0,256.0,False,True,0.0,1.0,0.0,0.0,28.0,2024-12-07 05:25:43,fixtures.csv,fixtures,awayTeamId,,,,,,,,,,,,,,,,,,,,,,,,,,,,,,,,,,,,,,,,,,,,,,,,,,,,,,,
103.0,12724,735.0,710025.0,2024-12-22 12:00:00,235.0,13662.0,264.0,256.0,False,False,0.0,0.0,0.0,0.0,28.0,2024-12-23 05:25:03,fixtures.csv,fixtures,awayTeamId,,,,,,,,,,,,,,,,,,,,,,,,,,,,,,,,,,,,,,,,,,,,,,,,,,,,,,,
120.0,12724,735.0,710045.0,2025-01-02 15:00:00,247.0,51065.0,257.0,256.0,True,False,3.0,0.0,0.0,0.0,28.0,2025-01-03 05:20:53,fixtures.csv,fixtures,awayTeamId,,,,,,,,,,,,,,,,,,,,,,,,,,,,,,,,,,,,,,,,,,,,,,,,,,,,,,,
132.0,12724,735.0,710058.0,2025-01-11 12:30:00,6661.0,6254.0,251.0,256.0,False,True,1.0,4.0,0.0,0.0,28.0,2025-01-12 05:16:00,fixtures.csv,fixtures,awayTeamId,,,,,,,,,,,,,,,,,,,,,,,,,,,,,,,,,,,,,,,,,,,,,,,,,,,,,,,
137.0,12724,735.0,710018.0,2025-01-14 20:00:00,162.0,8816.0,261.0,256.0,False,False,3.0,3.0,0.0,0.0,28.0,2025-01-15 05:16:34,fixtures.csv,fixtures,awayTeamId,,,,,,,,,,,,,,,,,,,,,,,,,,,,,,,,,,,,,,,,,,,,,,,,,,,,,,,
148.0,12724,735.0,710069.0,2025-02-02 15:00:00,5897.0,8293.0,266.0,256.0,False,True,1.0,3.0,0.0,0.0,28.0,2025-02-03 14:30:53,fixtures.csv,fixtures,awayTeamId,,,,,,,,,,,,,,,,,,,,,,,,,,,,,,,,,,,,,,,,,,,,,,,,,,,,,,,
157.0,12724,735.0,710080.0,2025-02-22 12:30:00,163.0,18357.0,258.0,256.0,True,False,2.0,1.0,0.0,0.0,28.0,2025-02-23 05:26:30,fixtures.csv,fixtures,awayTeamId,,,,,,,,,,,,,,,,,,,,,,,,,,,,,,,,,,,,,,,,,,,,,,,,,,,,,,,
172.0,12724,735.0,710095.0,2025-03-01 17:30:00,6827.0,7127.0,250.0,256.0,False,True,2.0,5.0,0.0,0.0,28.0,2025-03-02 05:25:42,fixtures.csv,fixtures,awayTeamId,,,,,,,,,,,,,,,,,,,,,,,,,,,,,,,,,,,,,,,,,,,,,,,,,,,,,,,
191.0,12724,735.0,710113.0,2025-04-06 11:00:00,1344.0,8795.0,267.0,256.0,True,False,1.0,0.0,0.0,0.0,28.0,2025-04-08 04:27:48,fixtures.csv,fixtures,awayTeamId,,,,,,,,,,,,,,,,,,,,,,,,,,,,,,,,,,,,,,,,,,,,,,,,,,,,,,,
199.0,12724,735.0,735361.0,2025-04-26 11:30:00,235.0,13568.0,264.0,256.0,False,True,0.0,5.0,0.0,0.0,28.0,2025-04-26 18:38:28,fixtures.csv,fixtures,awayTeamId,,,,,,,,,,,,,,,,,,,,,,,,,,,,,,,,,,,,,,,,,,,,,,,,,,,,,,,
210.0,12724,735.0,735372.0,2025-05-04 11:00:00,247.0,49883.0,257.0,256.0,False,False,1.0,1.0,0.0,0.0,28.0,2025-05-05 04:30:33,fixtures.csv,fixtures,awayTeamId,,,,,,,,,,,,,,,,,,,,,,,,,,,,,,,,,,,,,,,,,,,,,,,,,,,,,,,
222.0,12724,735.0,735379.0,2025-05-14 19:00:00,234.0,17089.0,263.0,256.0,False,True,1.0,5.0,0.0,0.0,28.0,2025-05-15 04:25:49,fixtures.csv,fixtures,awayTeamId,,,,,,,,,,,,,,,,,,,,,,,,,,,,,,,,,,,,,,,,,,,,,,,,,,,,,,,
22.0,12885,775.0,720438.0,2024-10-01 19:00:00,2315.0,81365.0,124.0,256.0,True,False,7.0,1.0,0.0,0.0,28.0,2024-10-04 04:20:59,fixtures.csv,fixtures,awayTeamId,,,,,,,,,,,,,,,,,,,,,,,,,,,,,,,,,,,,,,,,,,,,,,,,,,,,,,,
46.0,12885,775.0,720461.0,2024-10-23 16:45:00,4253.0,21614.0,105.0,256.0,False,False,0.0,0.0,0.0,0.0,28.0,2024-10-24 00:37:05,fixtures.csv,fixtures,awayTeamId,,,,,,,,,,,,,,,,,,,,,,,,,,,,,,,,,,,,,,,,,,,,,,,,,,,,,,,
92.0,12885,775.0,720409.0,2024-12-10 17:45:00,1437.0,18158.0,597.0,256.0,False,False,0.0,0.0,0.0,0.0,28.0,2024-12-11 05:23:53,fixtures.csv,fixtures,awayTeamId,,,,,,,,,,,,,,,,,,,,,,,,,,,,,,,,,,,,,,,,,,,,,,,,,,,,,,,
143.0,12885,775.0,720363.0,2025-01-29 20:00:00,307.0,42824.0,362.0,256.0,True,False,4.0,2.0,0.0,0.0,28.0,2025-01-30 14:29:04,fixtures.csv,fixtures,awayTeamId,,,,,,,,,,,,,,,,,,,,,,,,,,,,,,,,,,,,,,,,,,,,,,,,,,,,,,,
10.0,12886,775.0,732193.0,2025-02-18 20:00:00,1935.0,75000.0,132.0,256.0,True,False,1.0,1.0,0.0,0.0,28.0,2025-02-19 05:24:32,fixtures.csv,fixtures,awayTeamId,,,,,,,,,,,,,,,,,,,,,,,,,,,,,,,,,,,,,,,,,,,,,,,,,,,,,,,
1.0,12899,3959.0,735467.0,2025-05-24 14:00:00,178.0,0.0,263.0,256.0,True,False,1.0,1.0,4.0,3.0,47.0,2025-05-25 04:26:22,fixtures.csv,fixtures,awayTeamId,,,,,,,,,,,,,,,,,,,,,,,,,,,,,,,,,,,,,,,,,,,,,,,,,,,,,,,
2.0,12900,3959.0,734398.0,2025-04-20 14:00:00,178.0,43632.0,267.0,256.0,False,True,0.0,5.0,0.0,0.0,28.0,2025-04-21 02:07:11,fixtures.csv,fixtures,awayTeamId,,,,,,,,,,,,,,,,,,,,,,,,,,,,,,,,,,,,,,,,,,,,,,,,,,,,,,,
,12724,735.0,,,,,,,,,,,,,,,standings.csv,standings,teamId,2024.0,2025-05-17 11:30:00,1.0,256.0,38.0,29.0,5.0,4.0,92.0,112.0,26.0,86.0,0.0,21.0,WDWWD,,,,2025-05-19 04:42:08,,,,,,,,,,,,,,,,,,,,,,,,,,,,,,,,,,,,
,12885,775.0,,,,,,,,,,,,,,,standings.csv,standings,teamId,2024.0,2025-01-29 20:00:00,21.0,256.0,8.0,3.0,3.0,2.0,12.0,13.0,14.0,-1.0,0.0,3.0,WDDWL,,,,2025-01-30 14:40:46,,,,,,,,,,,,,,,,,,,,,,,,,,,,,,,,,,,,
,12724,,,,,,,,,,,,,,,,teamroster.csv,unknown,,,,,256.0,,,,,,,,,,,,,,,2025-05-07 04:52:02,2024.0,SCO.1,Celtic,40200.0,Kasper Schmeichel,1.0,Goalkeeper,,,,,,,,,,,,,,,,,,,,,,,,,,,,,
,12724,,,,,,,,,,,,,,,,teamroster.csv,unknown,,,,,256.0,,,,,,,,,,,,,,,2025-05-07 04:52:02,2024.0,SCO.1,Celtic,141859.0,Scott Bain,29.0,Goalkeeper,,,,,,,,,,,,,,,,,,,,,,,,,,,,,
,12724,,,,,,,,,,,,,,,,teamroster.csv,unknown,,,,,256.0,,,,,,,,,,,,,,,2025-05-07 04:52:02,2024.0,SCO.1,Celtic,307098.0,Viljami Sinisalo,12.0,Goalkeeper,,,,,,,,,,,,,,,,,,,,,,,,,,,,,
,12724,,,,,,,,,,,,,,,,teamroster.csv,unknown,,,,,256.0,,,,,,,,,,,,,,,2025-05-07 04:52:02,2024.0,SCO.1,Celtic,119088.0,Greg Taylor,3.0,Defender,,,,,,,,,,,,,,,,,,,,,,,,,,,,,
,12724,,,,,,,,,,,,,,,,teamroster.csv,unknown,,,,,256.0,,,,,,,,,,,,,,,2025-05-07 04:52:02,2024.0,SCO.1,Celtic,219273.0,Cameron Carter-Vickers,20.0,Defender,,,,,,,,,,,,,,,,,,,,,,,,,,,,,
,12724,,,,,,,,,,,,,,,,teamroster.csv,unknown,,,,,256.0,,,,,,,,,,,,,,,2025-05-07 04:52:02,2024.0,SCO.1,Celtic,224305.0,Anthony Ralston,56.0,Defender,,,,,,,,,,,,,,,,,,,,,,,,,,,,,
,12724,,,,,,,,,,,,,,,,teamroster.csv,unknown,,,,,256.0,,,,,,,,,,,,,,,2025-05-07 04:52:02,2024.0,SCO.1,Celtic,228619.0,Auston Trusty,6.0,Defender,,,,,,,,,,,,,,,,,,,,,,,,,,,,,
,12724,,,,,,,,,,,,,,,,teamroster.csv,unknown,,,,,256.0,,,,,,,,,,,,,,,2025-05-07 04:52:02,2024.0,SCO.1,Celtic,288487.0,Maik Nawrocki,17.0,Defender,,,,,,,,,,,,,,,,,,,,,,,,,,,,,
,12724,,,,,,,,,,,,,,,,teamroster.csv,unknown,,,,,256.0,,,,,,,,,,,,,,,2025-05-07 04:52:02,2024.0,SCO.1,Celtic,288959.0,Liam Scales,5.0,Defender,,,,,,,,,,,,,,,,,,,,,,,,,,,,,
,12724,,,,,,,,,,,,,,,,teamroster.csv,unknown,,,,,256.0,,,,,,,,,,,,,,,2025-05-07 04:52:02,2024.0,SCO.1,Celtic,291504.0,Dane Murray,47.0,Defender,,,,,,,,,,,,,,,,,,,,,,,,,,,,,
,12724,,,,,,,,,,,,,,,,teamroster.csv,unknown,,,,,256.0,,,,,,,,,,,,,,,2025-05-07 04:52:02,2024.0,SCO.1,Celtic,293691.0,Alistair Johnston,2.0,Defender,,,,,,,,,,,,,,,,,,,,,,,,,,,,,
,12724,,,,,,,,,,,,,,,,teamroster.csv,unknown,,,,,256.0,,,,,,,,,,,,,,,2025-05-07 04:52:02,2024.0,SCO.1,Celtic,387200.0,Colby Donovan,63.0,Defender,,,,,,,,,,,,,,,,,,,,,,,,,,,,,
,12724,,,,,,,,,,,,,,,,teamroster.csv,unknown,,,,,256.0,,,,,,,,,,,,,,,2025-05-07 04:52:02,2024.0,SCO.1,Celtic,84049.0,Callum McGregor,42.0,Midfielder,,,,,,,,,,,,,,,,,,,,,,,,,,,,,
,12724,,,,,,,,,,,,,,,,teamroster.csv,unknown,,,,,256.0,,,,,,,,,,,,,,,2025-05-07 04:52:02,2024.0,SCO.1,Celtic,141303.0,James Forrest,49.0,Midfielder,,,,,,,,,,,,,,,,,,,,,,,,,,,,,
,12724,,,,,,,,,,,,,,,,teamroster.csv,unknown,,,,,256.0,,,,,,,,,,,,,,,2025-05-07 04:52:02,2024.0,SCO.1,Celtic,205646.0,Jeff Schlupp,15.0,Midfielder,,,,,,,,,,,,,,,,,,,,,,,,,,,,,
,12724,,,,,,,,,,,,,,,,teamroster.csv,unknown,,,,,256.0,,,,,,,,,,,,,,,2025-05-07 04:52:02,2024.0,SCO.1,Celtic,259208.0,Luke McCowan,14.0,Midfielder,,,,,,,,,,,,,,,,,,,,,,,,,,,,,
,12724,,,,,,,,,,,,,,,,teamroster.csv,unknown,,,,,256.0,,,,,,,,,,,,,,,2025-05-07 04:52:02,2024.0,SCO.1,Celtic,288891.0,Reo Hatate,41.0,Midfielder,,,,,,,,,,,,,,,,,,,,,,,,,,,,,
,12724,,,,,,,,,,,,,,,,teamroster.csv,unknown,,,,,256.0,,,,,,,,,,,,,,,2025-05-07 04:52:02,2024.0,SCO.1,Celtic,310802.0,Paulo Bernardo,28.0,Midfielder,,,,,,,,,,,,,,,,,,,,,,,,,,,,,
,12724,,,,,,,,,,,,,,,,teamroster.csv,unknown,,,,,256.0,,,,,,,,,,,,,,,2025-05-07 04:52:02,2024.0,SCO.1,Celtic,314177.0,Arne Engels,27.0,Midfielder,,,,,,,,,,,,,,,,,,,,,,,,,,,,,
,12724,,,,,,,,,,,,,,,,teamroster.csv,unknown,,,,,256.0,,,,,,,,,,,,,,,2025-05-07 04:52:02,2024.0,SCO.1,Celtic,354874.0,Francis Turley,66.0,Midfielder,,,,,,,,,,,,,,,,,,,,,,,,,,,,,
,12724,,,,,,,,,,,,,,,,teamroster.csv,unknown,,,,,256.0,,,,,,,,,,,,,,,2025-05-07 04:52:02,2024.0,SCO.1,Celtic,387202.0,Sean Mcardle,,Midfielder,,,,,,,,,,,,,,,,,,,,,,,,,,,,,
,12724,,,,,,,,,,,,,,,,teamroster.csv,unknown,,,,,256.0,,,,,,,,,,,,,,,2025-05-07 04:52:02,2024.0,SCO.1,Celtic,258915.0,Jota,7.0,Forward,,,,,,,,,,,,,,,,,,,,,,,,,,,,,
,12724,,,,,,,,,,,,,,,,teamroster.csv,unknown,,,,,256.0,,,,,,,,,,,,,,,2025-05-07 04:52:02,2024.0,SCO.1,Celtic,260262.0,Nicolas Kühn,10.0,Forward,,,,,,,,,,,,,,,,,,,,,,,,,,,,,
,12724,,,,,,,,,,,,,,,,teamroster.csv,unknown,,,,,256.0,,,,,,,,,,,,,,,2025-05-07 04:52:02,2024.0,SCO.1,Celtic,286347.0,Daizen Maeda,38.0,Forward,,,,,,,,,,,,,,,,,,,,,,,,,,,,,
,12724,,,,,,,,,,,,,,,,teamroster.csv,unknown,,,,,256.0,,,,,,,,,,,,,,,2025-05-07 04:52:02,2024.0,SCO.1,Celtic,288958.0,Adam Idah,9.0,Forward,,,,,,,,,,,,,,,,,,,,,,,,,,,,,
,12724,,,,,,,,,,,,,,,,teamroster.csv,unknown,,,,,256.0,,,,,,,,,,,,,,,2025-05-07 04:52:02,2024.0,SCO.1,Celtic,318052.0,Johnny Kenny,24.0,Forward,,,,,,,,,,,,,,,,,,,,,,,,,,,,,
,12724,,,,,,,,,,,,,,,,teamroster.csv,unknown,,,,,256.0,,,,,,,,,,,,,,,2025-05-07 04:52:02,2024.0,SCO.1,Celtic,350711.0,Yang Hyun-Jun,13.0,Forward,,,,,,,,,,,,,,,,,,,,,,,,,,,,,
,12724,,,,,,,,,,,,,,,,teamroster.csv,unknown,,,,,256.0,,,,,,,,,,,,,,,2025-05-07 04:52:02,2024.0,SCO.1,Celtic,354875.0,Daniel Cummings,55.0,Forward,,,,,,,,,,,,,,,,,,,,,,,,,,,,,
,12724,,,,,,,,,,,,,,,,teamroster.csv,unknown,,,,,256.0,,,,,,,,,,,,,,,2025-05-07 04:52:02,2024.0,SCO.1,Celtic,366871.0,Jude Bonnar,59.0,Forward,,,,,,,,,,,,,,,,,,,,,,,,,,,,,
,12885,,,,,,,,,,,,,,,,teamroster.csv,unknown,,,,,256.0,,,,,,,,,,,,,,,2025-01-29 14:48:47,2024.0,UEFA.CHAMPIONS,Celtic,40200.0,Kasper Schmeichel,1.0,Goalkeeper,,,,,,,,,,,,,,,,,,,,,,,,,,,,,
,12885,,,,,,,,,,,,,,,,teamroster.csv,unknown,,,,,256.0,,,,,,,,,,,,,,,2025-01-29 14:48:47,2024.0,UEFA.CHAMPIONS,Celtic,141859.0,Scott Bain,29.0,Goalkeeper,,,,,,,,,,,,,,,,,,,,,,,,,,,,,
,12885,,,,,,,,,,,,,,,,teamroster.csv,unknown,,,,,256.0,,,,,,,,,,,,,,,2025-01-29 14:48:47,2024.0,UEFA.CHAMPIONS,Celtic,307098.0,Viljami Sinisalo,12.0,Goalkeeper,,,,,,,,,,,,,,,,,,,,,,,,,,,,,
,12885,,,,,,,,,,,,,,,,teamroster.csv,unknown,,,,,256.0,,,,,,,,,,,,,,,2025-01-29 14:48:47,2024.0,UEFA.CHAMPIONS,Celtic,119088.0,Greg Taylor,3.0,Defender,,,,,,,,,,,,,,,,,,,,,,,,,,,,,
,12885,,,,,,,,,,,,,,,,teamroster.csv,unknown,,,,,256.0,,,,,,,,,,,,,,,2025-01-29 14:48:47,2024.0,UEFA.CHAMPIONS,Celtic,192146.0,Álex Valle,11.0,Defender,,,,,,,,,,,,,,,,,,,,,,,,,,,,,
,12885,,,,,,,,,,,,,,,,teamroster.csv,unknown,,,,,256.0,,,,,,,,,,,,,,,2025-01-29 14:48:47,2024.0,UEFA.CHAMPIONS,Celtic,219273.0,Cameron Carter-Vickers,20.0,Defender,,,,,,,,,,,,,,,,,,,,,,,,,,,,,
,12885,,,,,,,,,,,,,,,,teamroster.csv,unknown,,,,,256.0,,,,,,,,,,,,,,,2025-01-29 14:48:47,2024.0,UEFA.CHAMPIONS,Celtic,224305.0,Anthony Ralston,56.0,Defender,,,,,,,,,,,,,,,,,,,,,,,,,,,,,
,12885,,,,,,,,,,,,,,,,teamroster.csv,unknown,,,,,256.0,,,,,,,,,,,,,,,2025-01-29 14:48:47,2024.0,UEFA.CHAMPIONS,Celtic,228619.0,Auston Trusty,6.0,Defender,,,,,,,,,,,,,,,,,,,,,,,,,,,,,
,12885,,,,,,,,,,,,,,,,teamroster.csv,unknown,,,,,256.0,,,,,,,,,,,,,,,2025-01-29 14:48:47,2024.0,UEFA.CHAMPIONS,Celtic,287698.0,Adam Montgomery,37.0,Defender,,,,,,,,,,,,,,,,,,,,,,,,,,,,,
,12885,,,,,,,,,,,,,,,,teamroster.csv,unknown,,,,,256.0,,,,,,,,,,,,,,,2025-01-29 14:48:47,2024.0,UEFA.CHAMPIONS,Celtic,288487.0,Maik Nawrocki,17.0,Defender,,,,,,,,,,,,,,,,,,,,,,,,,,,,,
,12885,,,,,,,,,,,,,,,,teamroster.csv,unknown,,,,,256.0,,,,,,,,,,,,,,,2025-01-29 14:48:47,2024.0,UEFA.CHAMPIONS,Celtic,288959.0,Liam Scales,5.0,Defender,,,,,,,,,,,,,,,,,,,,,,,,,,,,,
,12885,,,,,,,,,,,,,,,,teamroster.csv,unknown,,,,,256.0,,,,,,,,,,,,,,,2025-01-29 14:48:47,2024.0,UEFA.CHAMPIONS,Celtic,293691.0,Alistair Johnston,2.0,Defender,,,,,,,,,,,,,,,,,,,,,,,,,,,,,
,12885,,,,,,,,,,,,,,,,teamroster.csv,unknown,,,,,256.0,,,,,,,,,,,,,,,2025-01-29 14:48:47,2024.0,UEFA.CHAMPIONS,Celtic,387200.0,Colby Donovan,63.0,Defender,,,,,,,,,,,,,,,,,,,,,,,,,,,,,
,12885,,,,,,,,,,,,,,,,teamroster.csv,unknown,,,,,256.0,,,,,,,,,,,,,,,2025-01-29 14:48:47,2024.0,UEFA.CHAMPIONS,Celtic,84049.0,Callum McGregor,42.0,Midfielder,,,,,,,,,,,,,,,,,,,,,,,,,,,,,
,12885,,,,,,,,,,,,,,,,teamroster.csv,unknown,,,,,256.0,,,,,,,,,,,,,,,2025-01-29 14:48:47,2024.0,UEFA.CHAMPIONS,Celtic,141303.0,James Forrest,49.0,Midfielder,,,,,,,,,,,,,,,,,,,,,,,,,,,,,
,12885,,,,,,,,,,,,,,,,teamroster.csv,unknown,,,,,256.0,,,,,,,,,,,,,,,2025-01-29 14:48:47,2024.0,UEFA.CHAMPIONS,Celtic,259208.0,Luke McCowan,14.0,Midfielder,,,,,,,,,,,,,,,,,,,,,,,,,,,,,
,12885,,,,,,,,,,,,,,,,teamroster.csv,unknown,,,,,256.0,,,,,,,,,,,,,,,2025-01-29 14:48:47,2024.0,UEFA.CHAMPIONS,Celtic,288891.0,Reo Hatate,41.0,Midfielder,,,,,,,,,,,,,,,,,,,,,,,,,,,,,
,12885,,,,,,,,,,,,,,,,teamroster.csv,unknown,,,,,256.0,,,,,,,,,,,,,,,2025-01-29 14:48:47,2024.0,UEFA.CHAMPIONS,Celtic,291504.0,Dane Murray,47.0,Midfielder,,,,,,,,,,,,,,,,,,,,,,,,,,,,,
,12885,,,,,,,,,,,,,,,,teamroster.csv,unknown,,,,,256.0,,,,,,,,,,,,,,,2025-01-29 14:48:47,2024.0,UEFA.CHAMPIONS,Celtic,310802.0,Paulo Bernardo,28.0,Midfielder,,,,,,,,,,,,,,,,,,,,,,,,,,,,,
,12885,,,,,,,,,,,,,,,,teamroster.csv,unknown,,,,,256.0,,,,,,,,,,,,,,,2025-01-29 14:48:47,2024.0,UEFA.CHAMPIONS,Celtic,314177.0,Arne Engels,27.0,Midfielder,,,,,,,,,,,,,,,,,,,,,,,,,,,,,
,12885,,,,,,,,,,,,,,,,teamroster.csv,unknown,,,,,256.0,,,,,,,,,,,,,,,2025-01-29 14:48:47,2024.0,UEFA.CHAMPIONS,Celtic,354874.0,Francis Turley,66.0,Midfielder,,,,,,,,,,,,,,,,,,,,,,,,,,,,,
,12885,,,,,,,,,,,,,,,,teamroster.csv,unknown,,,,,256.0,,,,,,,,,,,,,,,2025-01-29 14:48:47,2024.0,UEFA.CHAMPIONS,Celtic,133852.0,Luis Palma,7.0,Forward,,,,,,,,,,,,,,,,,,,,,,,,,,,,,
,12885,,,,,,,,,,,,,,,,teamroster.csv,unknown,,,,,256.0,,,,,,,,,,,,,,,2025-01-29 14:48:47,2024.0,UEFA.CHAMPIONS,Celtic,258915.0,Jota,,Forward,,,,,,,,,,,,,,,,,,,,,,,,,,,,,
,12885,,,,,,,,,,,,,,,,teamroster.csv,unknown,,,,,256.0,,,,,,,,,,,,,,,2025-01-29 14:48:47,2024.0,UEFA.CHAMPIONS,Celtic,260262.0,Nicolas Gerrit Kühn,10.0,Forward,,,,,,,,,,,,,,,,,,,,,,,,,,,,,
,12885,,,,,,,,,,,,,,,,teamroster.csv,unknown,,,,,256.0,,,,,,,,,,,,,,,2025-01-29 14:48:47,2024.0,UEFA.CHAMPIONS,Celtic,286347.0,Daizen Maeda,38.0,Forward,,,,,,,,,,,,,,,,,,,,,,,,,,,,,
,12885,,,,,,,,,,,,,,,,teamroster.csv,unknown,,,,,256.0,,,,,,,,,,,,,,,2025-01-29 14:48:47,2024.0,UEFA.CHAMPIONS,Celtic,288958.0,Adam Idah,9.0,Forward,,,,,,,,,,,,,,,,,,,,,,,,,,,,,
,12885,,,,,,,,,,,,,,,,teamroster.csv,unknown,,,,,256.0,,,,,,,,,,,,,,,2025-01-29 14:48:47,2024.0,UEFA.CHAMPIONS,Celtic,318052.0,Johnny Kenny,24.0,Forward,,,,,,,,,,,,,,,,,,,,,,,,,,,,,
,12885,,,,,,,,,,,,,,,,teamroster.csv,unknown,,,,,256.0,,,,,,,,,,,,,,,2025-01-29 14:48:47,2024.0,UEFA.CHAMPIONS,Celtic,350711.0,Yang Hyun-Jun,13.0,Forward,,,,,,,,,,,,,,,,,,,,,,,,,,,,,
,12885,,,,,,,,,,,,,,,,teamroster.csv,unknown,,,,,256.0,,,,,,,,,,,,,,,2025-01-29 14:48:47,2024.0,UEFA.CHAMPIONS,Celtic,354875.0,Daniel Cummings,55.0,Forward,,,,,,,,,,,,,,,,,,,,,,,,,,,,,
,12885,,,,,,,,,,,,,,,,teamroster.csv,unknown,,,,,256.0,,,,,,,,,,,,,,,2025-01-29 14:48:47,2024.0,UEFA.CHAMPIONS,Celtic,366871.0,Jude Bonnar,59.0,Forward,,,,,,,,,,,,,,,,,,,,,,,,,,,,,
,12282,,701272.0,,,,,,,,,,,,,2024-07-24 10:42:00,teamstats.csv,teams,teamId,,,,256.0,,,,,,,,,,,,,,,,,,,,,,,1.0,53.0,19.0,2.0,0.0,1.0,4.0,6.0,13.0,6.0,0.5,0.0,0.0,441.0,489.0,0.9,3.0,7.0,0.4,39.0,24.0,0.6,3.0,9.0,15.0,0.6,7.0,9.0,9.0
,12282,,701273.0,,,,,,,,,,,,,2024-07-28 10:42:37,teamstats.csv,teams,teamId,,,,256.0,,,,,,,,,,,,,,,,,,,,,,,1.0,43.0,12.0,0.0,0.0,5.0,2.0,9.0,14.0,11.0,0.8,0.0,0.0,314.0,367.0,0.9,1.0,1.0,1.0,38.0,18.0,0.5,2.0,14.0,21.0,0.7,8.0,14.0,14.0
,12724,,709926.0,,,,,,,,,,,,,2024-08-05 08:15:30,teamstats.csv,teams,teamId,,,,256.0,,,,,,,,,,,,,,,,,,,,,,,0.0,82.1,7.0,0.0,0.0,0.0,10.0,2.0,32.0,13.0,0.4,0.0,0.0,0.0,0.0,0.0,0.0,0.0,0.0,0.0,0.0,0.0,9.0,0.0,0.0,0.0,0.0,0.0,0.0
,12724,,709933.0,,,,,,,,,,,,,2024-08-13 08:14:08,teamstats.csv,teams,teamId,,,,256.0,,,,,,,,,,,,,,,,,,,,,,,1.0,74.9,10.0,1.0,0.0,0.0,5.0,0.0,19.0,7.0,0.4,0.0,0.0,0.0,0.0,0.0,0.0,0.0,0.0,0.0,0.0,0.0,9.0,0.0,0.0,0.0,0.0,0.0,0.0
,12724,,709939.0,,,,,,,,,,,,,2024-08-26 04:21:17,teamstats.csv,teams,teamId,,,,256.0,,,,,,,,,,,,,,,,,,,,,,,1.0,76.1,7.0,1.0,0.0,0.0,10.0,1.0,21.0,8.0,0.4,0.0,0.0,0.0,0.0,0.0,0.0,0.0,0.0,0.0,0.0,0.0,8.0,0.0,0.0,0.0,0.0,0.0,0.0
,12724,,709940.0,,,,,,,,,,,,,2024-10-13 21:50:06,teamstats.csv,teams,teamId,,,,256.0,,,,,,,,,,,,,,,,,,,,,,,0.0,52.6,12.0,4.0,0.0,0.0,7.0,3.0,14.0,4.0,0.3,0.0,0.0,0.0,0.0,0.0,0.0,0.0,0.0,0.0,0.0,0.0,5.0,0.0,0.0,0.0,0.0,0.0,0.0
,12724,,709947.0,,,,,,,,,,,,,2024-09-18 04:16:25,teamstats.csv,teams,teamId,,,,256.0,,,,,,,,,,,,,,,,,,,,,,,0.0,70.9,9.0,1.0,0.0,0.0,5.0,3.0,18.0,6.0,0.3,1.0,1.0,0.0,0.0,0.0,0.0,0.0,0.0,0.0,0.0,0.0,5.0,0.0,0.0,0.0,0.0,0.0,0.0
,12724,,709957.0,,,,,,,,,,,,,2024-10-17 05:16:21,teamstats.csv,teams,teamId,,,,256.0,,,,,,,,,,,,,,,,,,,,,,,1.0,76.9,8.0,1.0,0.0,0.0,13.0,1.0,19.0,11.0,0.6,0.0,0.0,0.0,0.0,0.0,0.0,0.0,0.0,0.0,0.0,0.0,1.0,0.0,0.0,0.0,0.0,0.0,0.0
,12724,,709962.0,,,,,,,,,,,,,2024-10-14 06:59:34,teamstats.csv,teams,teamId,,,,256.0,,,,,,,,,,,,,,,,,,,,,,,1.0,82.3,11.0,1.0,0.0,0.0,9.0,4.0,24.0,6.0,0.3,0.0,0.0,0.0,0.0,0.0,0.0,0.0,0.0,0.0,0.0,0.0,7.0,0.0,0.0,0.0,0.0,0.0,0.0
,12724,,709964.0,,,,,,,,,,,,,2024-10-20 11:04:39,teamstats.csv,teams,teamId,,,,256.0,,,,,,,,,,,,,,,,,,,,,,,0.0,73.4,12.0,1.0,0.0,0.0,19.0,1.0,32.0,7.0,0.2,0.0,0.0,0.0,0.0,0.0,0.0,0.0,0.0,0.0,0.0,0.0,14.0,0.0,0.0,0.0,0.0,0.0,0.0
,12724,,709973.0,,,,,,,,,,,,,2024-10-31 05:20:32,teamstats.csv,teams,teamId,,,,256.0,,,,,,,,,,,,,,,,,,,,,,,1.0,77.6,9.0,2.0,0.0,0.0,10.0,2.0,20.0,10.0,0.5,0.0,0.0,0.0,0.0,0.0,0.0,0.0,0.0,0.0,0.0,0.0,6.0,0.0,0.0,0.0,0.0,0.0,0.0
,12724,,709977.0,,,,,,,,,,,,,2024-11-02 14:38:40,teamstats.csv,teams,teamId,,,,256.0,,,,,,,,,,,,,,,,,,,,,,,0.0,80.0,12.0,1.0,0.0,0.0,7.0,1.0,24.0,5.0,0.2,1.0,1.0,0.0,0.0,0.0,0.0,0.0,0.0,0.0,0.0,0.0,7.0,0.0,0.0,0.0,0.0,0.0,0.0
,12724,,709982.0,,,,,,,,,,,,,2025-01-11 05:43:04,teamstats.csv,teams,teamId,,,,256.0,,,,,,,,,,,,,,,,,,,,,,,0.0,76.0,12.0,0.0,0.0,0.0,13.0,3.0,19.0,6.0,0.3,0.0,0.0,0.0,0.0,0.0,0.0,0.0,0.0,0.0,0.0,0.0,8.0,0.0,0.0,0.0,0.0,0.0,0.0
,12724,,709991.0,,,,,,,,,,,,,2024-11-12 06:14:04,teamstats.csv,teams,teamId,,,,256.0,,,,,,,,,,,,,,,,,,,,,,,1.0,65.6,10.0,3.0,0.0,0.0,4.0,6.0,10.0,6.0,0.6,0.0,0.0,0.0,0.0,0.0,0.0,0.0,0.0,0.0,0.0,0.0,2.0,0.0,0.0,0.0,0.0,0.0,0.0
,12724,,709995.0,,,,,,,,,,,,,2024-11-25 16:08:11,teamstats.csv,teams,teamId,,,,256.0,,,,,,,,,,,,,,,,,,,,,,,1.0,67.9,8.0,1.0,0.0,0.0,6.0,3.0,13.0,9.0,0.7,1.0,1.0,0.0,0.0,0.0,0.0,0.0,0.0,0.0,0.0,0.0,1.0,0.0,0.0,0.0,0.0,0.0,0.0
,12724,,710000.0,,,,,,,,,,,,,2024-12-03 06:00:06,teamstats.csv,teams,teamId,,,,256.0,,,,,,,,,,,,,,,,,,,,,,,0.0,76.2,11.0,0.0,0.0,0.0,19.0,1.0,25.0,9.0,0.4,0.0,0.0,0.0,0.0,0.0,0.0,0.0,0.0,0.0,0.0,0.0,12.0,0.0,0.0,0.0,0.0,0.0,0.0
,12724,,710006.0,,,,,,,,,,,,,2024-12-07 06:06:35,teamstats.csv,teams,teamId,,,,256.0,,,,,,,,,,,,,,,,,,,,,,,1.0,73.5,11.0,1.0,0.0,0.0,10.0,3.0,15.0,4.0,0.3,0.0,0.0,0.0,0.0,0.0,0.0,0.0,0.0,0.0,0.0,0.0,6.0,0.0,0.0,0.0,0.0,0.0,0.0
,12724,,710013.0,,,,,,,,,,,,,2024-12-10 05:55:59,teamstats.csv,teams,teamId,,,,256.0,,,,,,,,,,,,,,,,,,,,,,,0.0,75.5,8.0,1.0,0.0,0.0,14.0,9.0,21.0,11.0,0.5,0.0,0.0,0.0,0.0,0.0,0.0,0.0,0.0,0.0,0.0,0.0,5.0,0.0,0.0,0.0,0.0,0.0,0.0
,12724,,710018.0,,,,,,,,,,,,,2025-01-16 05:38:59,teamstats.csv,teams,teamId,,,,256.0,,,,,,,,,,,,,,,,,,,,,,,1.0,79.0,10.0,1.0,0.0,0.0,4.0,2.0,12.0,5.0,0.4,1.0,1.0,0.0,0.0,0.0,0.0,0.0,0.0,0.0,0.0,0.0,2.0,0.0,0.0,0.0,0.0,0.0,0.0
,12724,,710025.0,,,,,,,,,,,,,2024-12-25 05:47:26,teamstats.csv,teams,teamId,,,,256.0,,,,,,,,,,,,,,,,,,,,,,,1.0,78.3,8.0,1.0,0.0,0.0,9.0,2.0,17.0,3.0,0.2,0.0,0.0,0.0,0.0,0.0,0.0,0.0,0.0,0.0,0.0,0.0,5.0,0.0,0.0,0.0,0.0,0.0,0.0
,12724,,710033.0,,,,,,,,,,,,,2024-12-28 05:47:48,teamstats.csv,teams,teamId,,,,256.0,,,,,,,,,,,,,,,,,,,,,,,0.0,84.0,10.0,1.0,0.0,0.0,6.0,0.0,23.0,7.0,0.3,1.0,1.0,0.0,0.0,0.0,0.0,0.0,0.0,0.0,0.0,0.0,8.0,0.0,0.0,0.0,0.0,0.0,0.0
,12724,,710041.0,,,,,,,,,,,,,2024-12-30 05:52:42,teamstats.csv,teams,teamId,,,,256.0,,,,,,,,,,,,,,,,,,,,,,,0.0,70.4,8.0,0.0,0.0,0.0,12.0,0.0,30.0,11.0,0.4,0.0,0.0,0.0,0.0,0.0,0.0,0.0,0.0,0.0,0.0,0.0,5.0,0.0,0.0,0.0,0.0,0.0,0.0
,12724,,710045.0,,,,,,,,,,,,,2025-01-05 05:43:24,teamstats.csv,teams,teamId,,,,256.0,,,,,,,,,,,,,,,,,,,,,,,1.0,60.8,13.0,2.0,0.0,0.0,4.0,6.0,4.0,1.0,0.3,0.0,0.0,0.0,0.0,0.0,0.0,0.0,0.0,0.0,0.0,0.0,0.0,0.0,0.0,0.0,0.0,0.0,0.0
,12724,,710048.0,,,,,,,,,,,,,2025-01-08 05:41:48,teamstats.csv,teams,teamId,,,,256.0,,,,,,,,,,,,,,,,,,,,,,,0.0,75.9,6.0,0.0,0.0,0.0,8.0,1.0,11.0,6.0,0.5,0.0,0.0,0.0,0.0,0.0,0.0,0.0,0.0,0.0,0.0,0.0,1.0,0.0,0.0,0.0,0.0,0.0,0.0
,12724,,710058.0,,,,,,,,,,,,,2025-01-13 05:34:22,teamstats.csv,teams,teamId,,,,256.0,,,,,,,,,,,,,,,,,,,,,,,1.0,78.4,5.0,0.0,0.0,0.0,7.0,0.0,27.0,13.0,0.5,1.0,1.0,0.0,0.0,0.0,0.0,0.0,0.0,0.0,0.0,0.0,10.0,0.0,0.0,0.0,0.0,0.0,0.0
,12724,,710061.0,,,,,,,,,,,,,2025-02-08 05:57:04,teamstats.csv,teams,teamId,,,,256.0,,,,,,,,,,,,,,,,,,,,,,,0.0,80.3,9.0,1.0,0.0,0.0,6.0,1.0,17.0,8.0,0.5,1.0,1.0,0.0,0.0,0.0,0.0,0.0,0.0,0.0,0.0,0.0,2.0,0.0,0.0,0.0,0.0,0.0,0.0
,12724,,710069.0,,,,,,,,,,,,,2025-02-03 14:51:04,teamstats.csv,teams,teamId,,,,256.0,,,,,,,,,,,,,,,,,,,,,,,1.0,81.0,8.0,0.0,0.0,0.0,10.0,0.0,18.0,9.0,0.5,0.0,0.0,0.0,0.0,0.0,0.0,0.0,0.0,0.0,0.0,0.0,1.0,0.0,0.0,0.0,0.0,0.0,0.0
,12724,,710072.0,,,,,,,,,,,,,2025-02-17 05:53:03,teamstats.csv,teams,teamId,,,,256.0,,,,,,,,,,,,,,,,,,,,,,,0.0,76.1,7.0,0.0,0.0,0.0,15.0,3.0,21.0,7.0,0.3,0.0,0.0,0.0,0.0,0.0,0.0,0.0,0.0,0.0,0.0,0.0,7.0,0.0,0.0,0.0,0.0,0.0,0.0
,12724,,710080.0,,,,,,,,,,,,,2025-02-23 05:50:57,teamstats.csv,teams,teamId,,,,256.0,,,,,,,,,,,,,,,,,,,,,,,1.0,75.5,11.0,2.0,0.0,0.0,10.0,2.0,14.0,4.0,0.3,0.0,0.0,0.0,0.0,0.0,0.0,0.0,0.0,0.0,0.0,0.0,4.0,0.0,0.0,0.0,0.0,0.0,0.0
,12724,,710084.0,,,,,,,,,,,,,2025-02-26 05:48:02,teamstats.csv,teams,teamId,,,,256.0,,,,,,,,,,,,,,,,,,,,,,,0.0,69.2,8.0,1.0,0.0,0.0,4.0,0.0,16.0,7.0,0.4,0.0,0.0,0.0,0.0,0.0,0.0,0.0,0.0,0.0,0.0,0.0,2.0,0.0,0.0,0.0,0.0,0.0,0.0
,12724,,710095.0,,,,,,,,,,,,,2025-03-04 05:51:04,teamstats.csv,teams,teamId,,,,256.0,,,,,,,,,,,,,,,,,,,,,,,1.0,75.5,6.0,0.0,0.0,0.0,3.0,5.0,18.0,9.0,0.5,1.0,1.0,0.0,0.0,0.0,0.0,0.0,0.0,0.0,0.0,0.0,4.0,0.0,0.0,0.0,0.0,0.0,0.0
,12724,,710096.0,,,,,,,,,,,,,2025-03-19 04:52:15,teamstats.csv,teams,teamId,,,,256.0,,,,,,,,,,,,,,,,,,,,,,,0.0,71.8,10.0,0.0,0.0,0.0,7.0,3.0,14.0,6.0,0.4,0.0,0.0,0.0,0.0,0.0,0.0,0.0,0.0,0.0,0.0,0.0,1.0,0.0,0.0,0.0,0.0,0.0,0.0
,12724,,710107.0,,,,,,,,,,,,,2025-03-30 04:53:40,teamstats.csv,teams,teamId,,,,256.0,,,,,,,,,,,,,,,,,,,,,,,0.0,71.0,14.0,0.0,0.0,0.0,6.0,2.0,12.0,6.0,0.5,0.0,0.0,0.0,0.0,0.0,0.0,0.0,0.0,0.0,0.0,0.0,1.0,0.0,0.0,0.0,0.0,0.0,0.0
,12724,,710113.0,,,,,,,,,,,,,2025-04-07 11:18:42,teamstats.csv,teams,teamId,,,,256.0,,,,,,,,,,,,,,,,,,,,,,,1.0,79.9,10.0,2.0,0.0,0.0,11.0,3.0,26.0,9.0,0.3,0.0,0.0,0.0,0.0,0.0,0.0,0.0,0.0,0.0,0.0,0.0,6.0,0.0,0.0,0.0,0.0,0.0,0.0
,12724,,710115.0,,,,,,,,,,,,,2025-04-13 05:20:15,teamstats.csv,teams,teamId,,,,256.0,,,,,,,,,,,,,,,,,,,,,,,0.0,87.6,9.0,0.0,0.0,0.0,10.0,0.0,14.0,6.0,0.4,0.0,0.0,0.0,0.0,0.0,0.0,0.0,0.0,0.0,0.0,0.0,5.0,0.0,0.0,0.0,0.0,0.0,0.0
,12605,,717329.0,,,,,,,,,,,,,2024-07-29 10:55:03,teamstats.csv,teams,teamId,,,,256.0,,,,,,,,,,,,,,,,,,,,,,,0.0,,,,,,,,,,,,,,,,,,,,,,,,,,,,
,12604,,719311.0,,,,,,,,,,,,,2024-08-19 04:46:45,teamstats.csv,teams,teamId,,,,256.0,,,,,,,,,,,,,,,,,,,,,,,0.0,,,,,,,,,,,,,,,,,,,,,,,,,,,,
,12885,,720342.0,,,,,,,,,,,,,2025-01-24 05:41:43,teamstats.csv,teams,teamId,,,,256.0,,,,,,,,,,,,,,,,,,,,,,,0.0,59.3,12.0,1.0,1.0,5.0,7.0,4.0,16.0,7.0,0.4,0.0,1.0,423.0,504.0,0.8,4.0,18.0,0.2,40.0,17.0,0.4,3.0,12.0,25.0,0.5,10.0,18.0,18.0
,12885,,720363.0,,,,,,,,,,,,,2025-01-30 14:49:01,teamstats.csv,teams,teamId,,,,256.0,,,,,,,,,,,,,,,,,,,,,,,1.0,41.6,15.0,0.0,0.0,2.0,4.0,3.0,6.0,4.0,0.7,0.0,0.0,311.0,359.0,0.9,0.0,10.0,0.0,38.0,15.0,0.4,0.0,10.0,18.0,0.6,15.0,21.0,21.0
,12885,,720377.0,,,,,,,,,,,,,2024-11-07 06:19:29,teamstats.csv,teams,teamId,,,,256.0,,,,,,,,,,,,,,,,,,,,,,,0.0,60.4,7.0,0.0,0.0,2.0,7.0,2.0,17.0,5.0,0.3,0.0,0.0,590.0,649.0,0.9,4.0,16.0,0.3,29.0,16.0,0.6,4.0,11.0,22.0,0.5,5.0,21.0,21.0
,12885,,720404.0,,,,,,,,,,,,,2024-11-30 06:02:45,teamstats.csv,teams,teamId,,,,256.0,,,,,,,,,,,,,,,,,,,,,,,0.0,60.2,5.0,1.0,0.0,2.0,4.0,3.0,7.0,3.0,0.4,0.0,0.0,618.0,688.0,0.9,3.0,11.0,0.3,29.0,13.0,0.4,0.0,3.0,9.0,0.3,9.0,12.0,12.0
,12885,,720409.0,,,,,,,,,,,,,2024-12-11 05:55:27,teamstats.csv,teams,teamId,,,,256.0,,,,,,,,,,,,,,,,,,,,,,,1.0,68.8,9.0,3.0,0.0,1.0,10.0,2.0,7.0,1.0,0.1,0.0,0.0,568.0,644.0,0.9,2.0,19.0,0.1,32.0,15.0,0.5,3.0,13.0,20.0,0.7,8.0,9.0,9.0
,12885,,720427.0,,,,,,,,,,,,,2024-09-19 04:21:39,teamstats.csv,teams,teamId,,,,256.0,,,,,,,,,,,,,,,,,,,,,,,0.0,60.7,16.0,2.0,0.0,1.0,11.0,1.0,16.0,11.0,0.7,1.0,1.0,506.0,572.0,0.9,3.0,22.0,0.1,26.0,14.0,0.5,2.0,16.0,31.0,0.5,8.0,17.0,17.0
,12885,,720438.0,,,,,,,,,,,,,2024-10-14 06:59:34,teamstats.csv,teams,teamId,,,,256.0,,,,,,,,,,,,,,,,,,,,,,,1.0,47.4,6.0,2.0,0.0,3.0,4.0,6.0,9.0,2.0,0.2,0.0,0.0,390.0,449.0,0.9,0.0,13.0,0.0,22.0,8.0,0.4,4.0,8.0,17.0,0.5,11.0,15.0,15.0
,12885,,720461.0,,,,,,,,,,,,,2024-10-25 05:15:37,teamstats.csv,teams,teamId,,,,256.0,,,,,,,,,,,,,,,,,,,,,,,1.0,33.8,9.0,1.0,0.0,1.0,4.0,6.0,4.0,2.0,0.5,0.0,0.0,263.0,333.0,0.8,1.0,9.0,0.1,46.0,18.0,0.4,0.0,11.0,20.0,0.6,6.0,48.0,48.0
,12603,,721456.0,,,,,,,,,,,,,2024-11-02 21:18:41,teamstats.csv,teams,teamId,,,,256.0,,,,,,,,,,,,,,,,,,,,,,,0.0,,,,,,,,,,,,,,,,,,,,,,,,,,,,
,12602,,723147.0,,,,,,,,,,,,,2024-12-16 05:54:42,teamstats.csv,teams,teamId,,,,256.0,,,,,,,,,,,,,,,,,,,,,,,0.0,66.6,14.0,3.0,0.0,0.0,5.0,5.0,10.0,7.0,0.7,0.0,0.0,0.0,0.0,0.0,0.0,0.0,0.0,0.0,0.0,0.0,1.0,0.0,0.0,0.0,0.0,0.0,0.0
,12903,,724027.0,,,,,,,,,,,,,2024-12-04 06:02:00,teamstats.csv,teams,teamId,,,,256.0,,,,,,,,,,,,,,,,,,,,,,,0.0,,,,,,,,,,,,,,,,,,,,,,,,,,,,
,12902,,731056.0,,,,,,,,,,,,,2025-02-09 05:50:16,teamstats.csv,teams,teamId,,,,256.0,,,,,,,,,,,,,,,,,,,,,,,0.0,74.0,6.0,0.0,0.0,0.0,7.0,1.0,12.0,7.0,0.6,0.0,0.0,0.0,0.0,0.0,0.0,0.0,0.0,0.0,0.0,0.0,2.0,0.0,0.0,0.0,0.0,0.0,0.0
,12886,,732186.0,,,,,,,,,,,,,2025-02-14 05:51:56,teamstats.csv,teams,teamId,,,,256.0,,,,,,,,,,,,,,,,,,,,,,,0.0,43.1,4.0,0.0,0.0,1.0,7.0,3.0,9.0,2.0,0.2,0.0,0.0,426.0,486.0,0.9,2.0,18.0,0.1,29.0,12.0,0.4,4.0,8.0,17.0,0.5,10.0,27.0,27.0
,12886,,732193.0,,,,,,,,,,,,,2025-02-20 05:49:20,teamstats.csv,teams,teamId,,,,256.0,,,,,,,,,,,,,,,,,,,,,,,1.0,33.0,9.0,0.0,0.0,0.0,0.0,9.0,5.0,3.0,0.6,0.0,0.0,325.0,386.0,0.8,0.0,2.0,0.0,38.0,21.0,0.6,0.0,12.0,22.0,0.5,15.0,45.0,45.0
,12901,,732575.0,,,,,,,,,,,,,2025-02-11 05:48:04,teamstats.csv,teams,teamId,,,,256.0,,,,,,,,,,,,,,,,,,,,,,,0.0,,,,,,,,,,,,,,,,,,,,,,,,,,,,
,12900,,734398.0,,,,,,,,,,,,,2025-03-12 04:49:50,teamstats.csv,teams,teamId,,,,256.0,,,,,,,,,,,,,,,,,,,,,,,1.0,,,,,,,,,,,,,,,,,,,,,,,,,,,,
,12724,,735361.0,,,,,,,,,,,,,2025-04-15 05:12:57,teamstats.csv,teams,teamId,,,,256.0,,,,,,,,,,,,,,,,,,,,,,,1.0,,,,,,,,,,,,,,,,,,,,,,,,,,,,
,12724,,735372.0,,,,,,,,,,,,,2025-04-16 05:06:42,teamstats.csv,teams,teamId,,,,256.0,,,,,,,,,,,,,,,,,,,,,,,1.0,,,,,,,,,,,,,,,,,,,,,,,,,,,,
,12724,,735373.0,,,,,,,,,,,,,2025-04-15 05:12:57,teamstats.csv,teams,teamId,,,,256.0,,,,,,,,,,,,,,,,,,,,,,,0.0,,,,,,,,,,,,,,,,,,,,,,,,,,,,
,12724,,735379.0,,,,,,,,,,,,,2025-04-15 05:12:57,teamstats.csv,teams,teamId,,,,256.0,,,,,,,,,,,,,,,,,,,,,,,1.0,,,,,,,,,,,,,,,,,,,,,,,,,,,,
,12724,,735385.0,,,,,,,,,,,,,2025-04-15 05:12:57,teamstats.csv,teams,teamId,,,,256.0,,,,,,,,,,,,,,,,,,,,,,,0.0,,,,,,,,,,,,,,,,,,,,,,,,,,,,
,12899,,735467.0,,,,,,,,,,,,,2025-04-23 05:00:03,teamstats.csv,teams,teamId,,,,256.0,,,,,,,,,,,,,,,,,,,,,,,1.0,,,,,,,,,,,,,,,,,,,,,,,,,,,,
