seasonType,eventId,playOrder,playId,typeId,text,shortText,period,clockValue,clockDisplayValue,teamId,scoringPlay,shootout,wallclock,goalPositionX,goalPositionY,fieldpositionX,fieldPositionY,fieldPosition2X,fieldPosition2Y,athleteId,participant,updateDateTime
13102,726705,1,45313352,94,Hayden White (Indy Eleven) Yellow Card at 6',Hayden White Yellow Card,1,360,6',17360,0,0,1980-01-01,0.0,0.0,0.0,0.0,0.0,0.0,191420,Hayden White,2025-05-31 04:50:33
13102,726705,2,45313914,76,Nicola Rosamilia (One Knoxville) Substitution at 45',Nicola Rosamilia Substitution,2,2700,45',21821,0,0,1980-01-01,0.0,0.0,0.0,0.0,0.0,0.0,400959,Nicola Rosamilia,2025-05-31 04:50:33
13102,726705,3,45313915,76,Abel Caputo (One Knoxville) Substitution at 45',Abel Caputo Substitution,2,2700,45',21821,0,0,1980-01-01,0.0,0.0,0.0,0.0,0.0,0.0,317505,Abel Caputo,2025-05-31 04:50:33
13102,726705,2,45313914,76,Nicola Rosamilia (One Knoxville) Substitution at 45',Nicola Rosamilia Substitution,2,2700,45',21821,0,0,1980-01-01,0.0,0.0,0.0,0.0,0.0,0.0,255820,Giovanni Calixtro,2025-05-31 04:50:33
13102,726705,3,45313915,76,Abel Caputo (One Knoxville) Substitution at 45',Abel Caputo Substitution,2,2700,45',21821,0,0,1980-01-01,0.0,0.0,0.0,0.0,0.0,0.0,243359,Callum Johnson,2025-05-31 04:50:33
13102,726705,4,45313939,70,Elvis Amoh (Indy Eleven) Goal at 47',Elvis Amoh Goal,2,2820,47',17360,0,0,1980-01-01,0.0,0.0,0.0,0.0,0.0,0.0,290564,Elvis Amoh,2025-05-31 04:50:33
13102,726705,5,45314175,76,Josh O'Brien (Indy Eleven) Substitution at 62',Josh O'Brien Substitution,2,3720,62',17360,0,0,1980-01-01,0.0,0.0,0.0,0.0,0.0,0.0,346266,Josh O'Brien,2025-05-31 04:50:33
13102,726705,6,45314191,76,Angelo Kelly-Rosales (One Knoxville) Substitution at 62',Angelo Kelly-Rosales Substitutio,2,3720,62',21821,0,0,1980-01-01,0.0,0.0,0.0,0.0,0.0,0.0,271824,Angelo Kelly-Rosales,2025-05-31 04:50:33
13102,726705,7,45314192,76,Romario Williams (Indy Eleven) Substitution at 62',Romario Williams Substitution,2,3720,62',17360,0,0,1980-01-01,0.0,0.0,0.0,0.0,0.0,0.0,159298,Romario Williams,2025-05-31 04:50:33
13102,726705,8,45314193,76,Edward Kizza (Indy Eleven) Substitution at 62',Edward Kizza Substitution,2,3720,62',17360,0,0,1980-01-01,0.0,0.0,0.0,0.0,0.0,0.0,293807,Edward Kizza,2025-05-31 04:50:33
13102,726705,5,45314175,76,Josh O'Brien (Indy Eleven) Substitution at 62',Josh O'Brien Substitution,2,3720,62',17360,0,0,1980-01-01,0.0,0.0,0.0,0.0,0.0,0.0,301848,Finn Mcrobb,2025-05-31 04:50:33
13102,726705,6,45314191,76,Angelo Kelly-Rosales (One Knoxville) Substitution at 62',Angelo Kelly-Rosales Substitutio,2,3720,62',21821,0,0,1980-01-01,0.0,0.0,0.0,0.0,0.0,0.0,144441,Scott Mcleod,2025-05-31 04:50:33
13102,726705,7,45314192,76,Romario Williams (Indy Eleven) Substitution at 62',Romario Williams Substitution,2,3720,62',17360,0,0,1980-01-01,0.0,0.0,0.0,0.0,0.0,0.0,290564,Elvis Amoh,2025-05-31 04:50:33
13102,726705,8,45314193,76,Edward Kizza (Indy Eleven) Substitution at 62',Edward Kizza Substitution,2,3720,62',17360,0,0,1980-01-01,0.0,0.0,0.0,0.0,0.0,0.0,191420,Hayden White,2025-05-31 04:50:33
13102,726705,9,45314236,76,Elliot Collier (Indy Eleven) Substitution at 70',Elliot Collier Substitution,2,4200,70',17360,0,0,1980-01-01,0.0,0.0,0.0,0.0,0.0,0.0,256390,Elliot Collier,2025-05-31 04:50:33
13102,726705,9,45314236,76,Elliot Collier (Indy Eleven) Substitution at 70',Elliot Collier Substitution,2,4200,70',17360,0,0,1980-01-01,0.0,0.0,0.0,0.0,0.0,0.0,227600,Maalique Foster,2025-05-31 04:50:33
13102,726705,10,45314279,76,Babacar Diene (One Knoxville) Substitution at 75',Babacar Diene Substitution,2,4500,75',21821,0,0,1980-01-01,0.0,0.0,0.0,0.0,0.0,0.0,381409,Babacar Diene,2025-05-31 04:50:33
13102,726705,10,45314279,76,Babacar Diene (One Knoxville) Substitution at 75',Babacar Diene Substitution,2,4500,75',21821,0,0,1980-01-01,0.0,0.0,0.0,0.0,0.0,0.0,294802,Stavros Zarokostas,2025-05-31 04:50:33
13102,726705,11,45314317,94,Jack Blake (Indy Eleven) Yellow Card at 78',Jack Blake Yellow Card,2,4680,78',17360,0,0,1980-01-01,0.0,0.0,0.0,0.0,0.0,0.0,181725,Jack Blake,2025-05-31 04:50:33
13102,726705,12,45314363,94,Jordan Skelton (One Knoxville) Yellow Card at 80',Jordan Skelton Yellow Card,2,4800,80',21821,0,0,1980-01-01,0.0,0.0,0.0,0.0,0.0,0.0,273705,Jordan Skelton,2025-05-31 04:50:33
13102,726705,13,45314349,76,Cam Lindley (Indy Eleven) Substitution at 81',Cam Lindley Substitution,2,4860,81',17360,0,0,1980-01-01,0.0,0.0,0.0,0.0,0.0,0.0,246322,Cam Lindley,2025-05-31 04:50:33
13102,726705,13,45314349,76,Cam Lindley (Indy Eleven) Substitution at 81',Cam Lindley Substitution,2,4860,81',17360,0,0,1980-01-01,0.0,0.0,0.0,0.0,0.0,0.0,181725,Jack Blake,2025-05-31 04:50:33
13102,726705,14,45314472,76,Heath Martin (One Knoxville) Substitution at 86',Heath Martin Substitution,2,5160,86',21821,0,0,1980-01-01,0.0,0.0,0.0,0.0,0.0,0.0,278973,Heath Martin,2025-05-31 04:50:33
13102,726705,14,45314472,76,Heath Martin (One Knoxville) Substitution at 86',Heath Martin Substitution,2,5160,86',21821,0,0,1980-01-01,0.0,0.0,0.0,0.0,0.0,0.0,248963,Stuart Ritchie,2025-05-31 04:50:33
13102,726705,15,45314565,93,Jordan Skelton (One Knoxville) Red Card at 91',Jordan Skelton Red Card,2,5400,90'+1',21821,0,0,1980-01-01,0.0,0.0,0.0,0.0,0.0,0.0,273705,Jordan Skelton,2025-05-31 04:50:33
13102,726705,16,45314612,94,Cam Lindley (Indy Eleven) Yellow Card at 93',Cam Lindley Yellow Card,2,5400,90'+3',17360,0,0,1980-01-01,0.0,0.0,0.0,0.0,0.0,0.0,246322,Cam Lindley,2025-05-31 04:50:33
13102,726706,1,45333270,70,Pierce Gallaway (Monterey Bay) Goal at 4',Pierce Gallaway Goal,1,240,4',21370,0,0,1980-01-01,0.0,0.0,0.0,0.0,0.0,0.0,374034,Pierce Gallaway,2025-05-29 04:48:06
13102,726706,2,45333309,94,Jack Denton (Spokane Velocity FC) Yellow Card at 7',Jack Denton Yellow Card,1,420,7',22130,0,0,1980-01-01,0.0,0.0,0.0,0.0,0.0,0.0,243765,Jack Denton,2025-05-29 04:48:06
13102,726706,3,45333505,94,Nil Vinyals (Spokane Velocity FC) Yellow Card at 16',Nil Vinyals Yellow Card,1,960,16',22130,0,0,1980-01-01,0.0,0.0,0.0,0.0,0.0,0.0,273649,Nil Vinyals,2025-05-29 04:48:06
13102,726706,4,45333605,76,Mayele Malango (Monterey Bay) Substitution at 24',Mayele Malango Substitution,1,1440,24',21370,0,0,1980-01-01,0.0,0.0,0.0,0.0,0.0,0.0,316375,Mayele Malango,2025-05-29 04:48:06
13102,726706,4,45333605,76,Mayele Malango (Monterey Bay) Substitution at 24',Mayele Malango Substitution,1,1440,24',21370,0,0,1980-01-01,0.0,0.0,0.0,0.0,0.0,0.0,284051,Luther Archimede,2025-05-29 04:48:06
13102,726706,5,45333868,76,Joel Garcia Jr. (Monterey Bay) Substitution at 45',Joel Garcia Jr. Substitution,2,2700,45',21370,0,0,1980-01-01,0.0,0.0,0.0,0.0,0.0,0.0,400662,Joel Garcia Jr.,2025-05-29 04:48:06
13102,726706,6,45333873,76,Masango Akale (Spokane Velocity FC) Substitution at 45',Masango Akale Substitution,2,2700,45',22130,0,0,1980-01-01,0.0,0.0,0.0,0.0,0.0,0.0,286799,Masango Akale,2025-05-29 04:48:06
13102,726706,5,45333868,76,Joel Garcia Jr. (Monterey Bay) Substitution at 45',Joel Garcia Jr. Substitution,2,2700,45',21370,0,0,1980-01-01,0.0,0.0,0.0,0.0,0.0,0.0,317500,Miles Lyons,2025-05-29 04:48:06
13102,726706,6,45333873,76,Masango Akale (Spokane Velocity FC) Substitution at 45',Masango Akale Substitution,2,2700,45',22130,0,0,1980-01-01,0.0,0.0,0.0,0.0,0.0,0.0,273649,Nil Vinyals,2025-05-29 04:48:06
13102,726706,7,45333906,76,Nico Gordon (Monterey Bay) Substitution at 53',Nico Gordon Substitution,2,3180,53',21370,0,0,1980-01-01,0.0,0.0,0.0,0.0,0.0,0.0,303895,Nico Gordon,2025-05-29 04:48:06
13102,726706,8,45333907,76,Anton Søjberg (Monterey Bay) Substitution at 53',Anton Søjberg Substitution,2,3180,53',21370,0,0,1980-01-01,0.0,0.0,0.0,0.0,0.0,0.0,385517,Anton Søjberg,2025-05-29 04:48:06
13102,726706,7,45333906,76,Nico Gordon (Monterey Bay) Substitution at 53',Nico Gordon Substitution,2,3180,53',21370,0,0,1980-01-01,0.0,0.0,0.0,0.0,0.0,0.0,302885,Alejandro Lara,2025-05-29 04:48:06
13102,726706,8,45333907,76,Anton Søjberg (Monterey Bay) Substitution at 53',Anton Søjberg Substitution,2,3180,53',21370,0,0,1980-01-01,0.0,0.0,0.0,0.0,0.0,0.0,146667,Adam Larsson,2025-05-29 04:48:06
13102,726706,9,45333923,94,Anton Søjberg (Monterey Bay) Yellow Card at 57',Anton Søjberg Yellow Card,2,3420,57',21370,0,0,1980-01-01,0.0,0.0,0.0,0.0,0.0,0.0,385517,Anton Søjberg,2025-05-29 04:48:06
13102,726706,10,45333937,76,Diego Gutiérrez (Monterey Bay) Substitution at 62',Diego Gutiérrez Substitution,2,3720,62',21370,0,0,1980-01-01,0.0,0.0,0.0,0.0,0.0,0.0,336548,Diego Gutiérrez,2025-05-29 04:48:06
13102,726706,10,45333937,76,Diego Gutiérrez (Monterey Bay) Substitution at 62',Diego Gutiérrez Substitution,2,3720,62',21370,0,0,1980-01-01,0.0,0.0,0.0,0.0,0.0,0.0,156322,Alex Dixon,2025-05-29 04:48:06
13102,726706,11,45333944,76,Neco Brett (Spokane Velocity FC) Substitution at 64',Neco Brett Substitution,2,3840,64',22130,0,0,1980-01-01,0.0,0.0,0.0,0.0,0.0,0.0,234444,Neco Brett,2025-05-29 04:48:06
13102,726706,12,45333945,76,Shavon John-Brown (Spokane Velocity FC) Substitution at 64',Shavon John-Brown Substitution,2,3840,64',22130,0,0,1980-01-01,0.0,0.0,0.0,0.0,0.0,0.0,256294,Shavon John-Brown,2025-05-29 04:48:06
13102,726706,11,45333944,76,Neco Brett (Spokane Velocity FC) Substitution at 64',Neco Brett Substitution,2,3840,64',22130,0,0,1980-01-01,0.0,0.0,0.0,0.0,0.0,0.0,336944,Anuar Peláez,2025-05-29 04:48:06
13102,726706,12,45333945,76,Shavon John-Brown (Spokane Velocity FC) Substitution at 64',Shavon John-Brown Substitution,2,3840,64',22130,0,0,1980-01-01,0.0,0.0,0.0,0.0,0.0,0.0,235447,Ismaila Jome,2025-05-29 04:48:06
13102,726706,13,45333964,94,Grant Robinson (Monterey Bay) Yellow Card at 71',Grant Robinson Yellow Card,2,4260,71',21370,0,0,1980-01-01,0.0,0.0,0.0,0.0,0.0,0.0,208370,Grant Robinson,2025-05-29 04:48:06
13102,726706,14,45333980,76,Lucky Opara (Spokane Velocity FC) Substitution at 80',Lucky Opara Substitution,2,4800,80',22130,0,0,1980-01-01,0.0,0.0,0.0,0.0,0.0,0.0,313001,Lucky Opara,2025-05-29 04:48:06
13102,726706,15,45333981,76,Collin Fernandez (Spokane Velocity FC) Substitution at 80',Collin Fernandez Substitution,2,4800,80',22130,0,0,1980-01-01,0.0,0.0,0.0,0.0,0.0,0.0,215184,Collin Fernandez,2025-05-29 04:48:06
13102,726706,14,45333980,76,Lucky Opara (Spokane Velocity FC) Substitution at 80',Lucky Opara Substitution,2,4800,80',22130,0,0,1980-01-01,0.0,0.0,0.0,0.0,0.0,0.0,381421,Javier Martin Gil,2025-05-29 04:48:06
13102,726706,15,45333981,76,Collin Fernandez (Spokane Velocity FC) Substitution at 80',Collin Fernandez Substitution,2,4800,80',22130,0,0,1980-01-01,0.0,0.0,0.0,0.0,0.0,0.0,243765,Jack Denton,2025-05-29 04:48:06
13102,726706,16,45334105,94,Sam Gomez (Monterey Bay) Yellow Card at 96',Sam Gomez Yellow Card,2,5400,90'+6',21370,0,0,1980-01-01,0.0,0.0,0.0,0.0,0.0,0.0,295732,Sam Gomez,2025-05-29 04:48:06
13102,726707,1,45343171,94,Bobosi Byaruhanga (Oakland Roots) Yellow Card at 31',Bobosi Byaruhanga Yellow Card,1,1860,31',20687,0,0,1980-01-01,0.0,0.0,0.0,0.0,0.0,0.0,313077,Bobosi Byaruhanga,2025-06-01 04:59:19
13102,726707,2,45343191,94,Osvaldo Lay (AV Alta FC) Yellow Card at 39',Osvaldo Lay Yellow Card,1,2340,39',22526,0,0,1980-01-01,0.0,0.0,0.0,0.0,0.0,0.0,400673,Osvaldo Lay,2025-06-01 04:59:19
13102,726707,3,45343356,70,Sebastian Cruz (AV Alta FC) Goal at 57',Sebastian Cruz Goal,2,3420,57',22526,0,0,1980-01-01,0.0,0.0,0.0,0.0,0.0,0.0,271891,Sebastian Cruz,2025-06-01 04:59:19
13102,726707,4,45343358,76,Peter Wilson (Oakland Roots) Substitution at 58',Peter Wilson Substitution,2,3480,58',20687,0,0,1980-01-01,0.0,0.0,0.0,0.0,0.0,0.0,80925,Peter Wilson,2025-06-01 04:59:19
13102,726707,5,45343371,76,Morey Doner (Oakland Roots) Substitution at 58',Morey Doner Substitution,2,3480,58',20687,0,0,1980-01-01,0.0,0.0,0.0,0.0,0.0,0.0,337108,Morey Doner,2025-06-01 04:59:19
13102,726707,4,45343358,76,Peter Wilson (Oakland Roots) Substitution at 58',Peter Wilson Substitution,2,3480,58',20687,0,0,1980-01-01,0.0,0.0,0.0,0.0,0.0,0.0,318482,Emmanuel Johnson,2025-06-01 04:59:19
13102,726707,5,45343371,76,Morey Doner (Oakland Roots) Substitution at 58',Morey Doner Substitution,2,3480,58',20687,0,0,1980-01-01,0.0,0.0,0.0,0.0,0.0,0.0,212484,Jürgen Damm,2025-06-01 04:59:19
13102,726707,6,45343387,70,Morey Doner (Oakland Roots) Goal at 62',Morey Doner Goal,2,3720,62',20687,0,0,1980-01-01,0.0,0.0,0.0,0.0,0.0,0.0,337108,Morey Doner,2025-06-02 04:54:51
13102,726707,7,45343394,76,Jerry Desdunes (AV Alta FC) Substitution at 63',Jerry Desdunes Substitution,2,3780,63',22526,0,0,1980-01-01,0.0,0.0,0.0,0.0,0.0,0.0,338830,Jerry Desdunes,2025-06-01 04:59:19
13102,726707,8,45343396,70,Peter Wilson (Oakland Roots) Goal at 63',Peter Wilson Goal,2,3780,63',20687,0,0,1980-01-01,0.0,0.0,0.0,0.0,0.0,0.0,80925,Peter Wilson,2025-06-01 04:59:19
13102,726707,7,45343394,76,Jerry Desdunes (AV Alta FC) Substitution at 63',Jerry Desdunes Substitution,2,3780,63',22526,0,0,1980-01-01,0.0,0.0,0.0,0.0,0.0,0.0,133285,Miguel Ibarra,2025-06-01 04:59:19
13102,726707,9,45343402,76,Baboucarr Njie (Oakland Roots) Substitution at 65',Baboucarr Njie Substitution,2,3900,65',20687,0,0,1980-01-01,0.0,0.0,0.0,0.0,0.0,0.0,302983,Baboucarr Njie,2025-06-01 04:59:19
13102,726707,10,45343417,76,Wolfgang Prentice (Oakland Roots) Substitution at 65',Wolfgang Prentice Substitution,2,3900,65',20687,0,0,1980-01-01,0.0,0.0,0.0,0.0,0.0,0.0,296278,Wolfgang Prentice,2025-06-01 04:59:19
13102,726707,9,45343402,76,Baboucarr Njie (Oakland Roots) Substitution at 65',Baboucarr Njie Substitution,2,3900,65',20687,0,0,1980-01-01,0.0,0.0,0.0,0.0,0.0,0.0,360608,Ilya Alekseev,2025-06-01 04:59:19
13102,726707,10,45343417,76,Wolfgang Prentice (Oakland Roots) Substitution at 65',Wolfgang Prentice Substitution,2,3900,65',20687,0,0,1980-01-01,0.0,0.0,0.0,0.0,0.0,0.0,281589,José Luis Sinisterra,2025-06-01 04:59:19
13102,726707,11,45343418,76,Alassane Maboumou (AV Alta FC) Substitution at 67',Alassane Maboumou Substitution,2,4020,67',22526,0,0,1980-01-01,0.0,0.0,0.0,0.0,0.0,0.0,400958,Alassane Maboumou,2025-06-01 04:59:19
13102,726707,11,45343418,76,Alassane Maboumou (AV Alta FC) Substitution at 67',Alassane Maboumou Substitution,2,4020,67',22526,0,0,1980-01-01,0.0,0.0,0.0,0.0,0.0,0.0,400673,Osvaldo Lay,2025-06-01 04:59:19
13102,726707,12,45343422,76,Adam Aoumaich (AV Alta FC) Substitution at 68',Adam Aoumaich Substitution,2,4080,68',22526,0,0,1980-01-01,0.0,0.0,0.0,0.0,0.0,0.0,350483,Adam Aoumaich,2025-06-01 04:59:19
13102,726707,12,45343422,76,Adam Aoumaich (AV Alta FC) Substitution at 68',Adam Aoumaich Substitution,2,4080,68',22526,0,0,1980-01-01,0.0,0.0,0.0,0.0,0.0,0.0,336552,Harrison Robledo,2025-06-01 04:59:19
13102,726707,13,45343438,94,Gagi Margvelashvili (Oakland Roots) Yellow Card at 70',Gagi Margvelashvili Yellow Card,2,4200,70',20687,0,0,1980-01-01,0.0,0.0,0.0,0.0,0.0,0.0,289202,Gagi Margvelashvili,2025-06-01 04:59:19
13102,726707,14,45343457,76,Camden Riley (Oakland Roots) Substitution at 76',Camden Riley Substitution,2,4560,76',20687,0,0,1980-01-01,0.0,0.0,0.0,0.0,0.0,0.0,256475,Camden Riley,2025-06-01 04:59:19
13102,726707,14,45343457,76,Camden Riley (Oakland Roots) Substitution at 76',Camden Riley Substitution,2,4560,76',20687,0,0,1980-01-01,0.0,0.0,0.0,0.0,0.0,0.0,289202,Gagi Margvelashvili,2025-06-01 04:59:19
13102,726707,15,45343482,76,Elijah Martin (AV Alta FC) Substitution at 78',Elijah Martin Substitution,2,4680,78',22526,0,0,1980-01-01,0.0,0.0,0.0,0.0,0.0,0.0,256471,Elijah Martin,2025-06-01 04:59:19
13102,726707,15,45343482,76,Elijah Martin (AV Alta FC) Substitution at 78',Elijah Martin Substitution,2,4680,78',22526,0,0,1980-01-01,0.0,0.0,0.0,0.0,0.0,0.0,403709,Steven Ramos,2025-06-01 04:59:19
13102,726707,16,45343483,76,Christian Ortiz (AV Alta FC) Substitution at 79',Christian Ortiz Substitution,2,4740,79',22526,0,0,1980-01-01,0.0,0.0,0.0,0.0,0.0,0.0,95831,Christian Ortíz,2025-06-01 04:59:19
13102,726707,16,45343483,76,Christian Ortiz (AV Alta FC) Substitution at 79',Christian Ortiz Substitution,2,4740,79',22526,0,0,1980-01-01,0.0,0.0,0.0,0.0,0.0,0.0,324280,Javier Mariona,2025-06-01 04:59:19
13102,726707,17,45343586,70,Alassane Maboumou (AV Alta FC) Goal at 95',Alassane Maboumou Goal,2,5400,90'+5',22526,0,0,1980-01-01,0.0,0.0,0.0,0.0,0.0,0.0,400958,Alassane Maboumou,2025-06-02 04:54:51
13102,726708,1,45340778,94,Matías Romero (Miami FC) Yellow Card at 21',Matías Romero Yellow Card,1,1260,21',18159,0,0,1980-01-01,0.0,0.0,0.0,0.0,0.0,0.0,276282,Matías Romero,2025-06-01 04:59:19
13102,726708,2,45340936,94,Diego Mercado (Miami FC) Yellow Card at 29',Diego Mercado Yellow Card,1,1740,29',18159,0,0,1980-01-01,0.0,0.0,0.0,0.0,0.0,0.0,268844,Diego Mercado,2025-06-01 04:59:19
13102,726708,3,45341053,70,Jonathan Ricketts (Miami FC) Goal at 36',Jonathan Ricketts Goal,1,2160,36',18159,0,0,1980-01-01,0.0,0.0,0.0,0.0,0.0,0.0,302870,Jonathan Ricketts,2025-06-01 04:59:19
13102,726708,4,45341201,70,Kevin O'Connor (FC Naples) Goal at 44',Kevin O'Connor Goal,1,2640,44',22525,0,0,1980-01-01,0.0,0.0,0.0,0.0,0.0,0.0,221410,Kevin O'Connor,2025-06-01 04:59:19
13102,726708,5,45341384,70,Julian Cisneros (FC Naples) Goal at 47',Julian Cisneros Goal,2,2820,47',22525,0,0,1980-01-01,0.0,0.0,0.0,0.0,0.0,0.0,337046,Julian Cisneros,2025-06-01 04:59:19
13102,726708,6,45341437,70,Diego Mercado (Miami FC) Goal at 50',Diego Mercado Goal,2,3000,50',18159,0,0,1980-01-01,0.0,0.0,0.0,0.0,0.0,0.0,268844,Diego Mercado,2025-06-01 04:59:19
13102,726708,7,45341558,94,Jake Dengler (FC Naples) Yellow Card at 55',Jake Dengler Yellow Card,2,3300,55',22525,0,0,1980-01-01,0.0,0.0,0.0,0.0,0.0,0.0,288057,Jake Dengler,2025-06-01 04:59:19
13102,726708,8,45341777,76,Michael Lawrence (Miami FC) Substitution at 66',Michael Lawrence Substitution,2,3960,66',18159,0,0,1980-01-01,0.0,0.0,0.0,0.0,0.0,0.0,362159,Michael Lawrence,2025-06-01 04:59:19
13102,726708,9,45341778,76,Francesco Celeste (Miami FC) Substitution at 66',Francesco Celeste Substitution,2,3960,66',18159,0,0,1980-01-01,0.0,0.0,0.0,0.0,0.0,0.0,196760,Francesco Celeste,2025-06-01 04:59:19
13102,726708,8,45341777,76,Michael Lawrence (Miami FC) Substitution at 66',Michael Lawrence Substitution,2,3960,66',18159,0,0,1980-01-01,0.0,0.0,0.0,0.0,0.0,0.0,172280,Lucas Melano,2025-06-01 04:59:19
13102,726708,9,45341778,76,Francesco Celeste (Miami FC) Substitution at 66',Francesco Celeste Substitution,2,3960,66',18159,0,0,1980-01-01,0.0,0.0,0.0,0.0,0.0,0.0,309427,Deian Veron,2025-06-01 04:59:19
13102,726708,10,45341878,76,Luka Prpa (FC Naples) Substitution at 71',Luka Prpa Substitution,2,4260,71',22525,0,0,1980-01-01,0.0,0.0,0.0,0.0,0.0,0.0,256396,Luka Prpa,2025-06-01 04:59:19
13102,726708,10,45341878,76,Luka Prpa (FC Naples) Substitution at 71',Luka Prpa Substitution,2,4260,71',22525,0,0,1980-01-01,0.0,0.0,0.0,0.0,0.0,0.0,337178,Marc Torrellas,2025-06-01 04:59:19
13102,726708,11,45341998,70,Michael Lawrence (Miami FC) Goal at 76',Michael Lawrence Goal,2,4560,76',18159,0,0,1980-01-01,0.0,0.0,0.0,0.0,0.0,0.0,362159,Michael Lawrence,2025-06-01 04:59:19
13102,726708,12,45342047,76,Brandon Bent (Miami FC) Substitution at 79',Brandon Bent Substitution,2,4740,79',18159,0,0,1980-01-01,0.0,0.0,0.0,0.0,0.0,0.0,400972,Brandon Bent,2025-06-01 04:59:19
13102,726708,13,45342050,76,Tobías Zarate (Miami FC) Substitution at 79',Tobías Zarate Substitution,2,4740,79',18159,0,0,1980-01-01,0.0,0.0,0.0,0.0,0.0,0.0,302025,Tobías Zarate,2025-06-01 04:59:19
13102,726708,12,45342047,76,Brandon Bent (Miami FC) Substitution at 79',Brandon Bent Substitution,2,4740,79',18159,0,0,1980-01-01,0.0,0.0,0.0,0.0,0.0,0.0,76914,Sebastián Blanco,2025-06-01 04:59:19
13102,726708,13,45342050,76,Tobías Zarate (Miami FC) Substitution at 79',Tobías Zarate Substitution,2,4740,79',18159,0,0,1980-01-01,0.0,0.0,0.0,0.0,0.0,0.0,398994,Cristian Vázquez,2025-06-01 04:59:19
13102,726708,14,45342103,76,Justin Weiss (FC Naples) Substitution at 82',Justin Weiss Substitution,2,4920,82',22525,0,0,1980-01-01,0.0,0.0,0.0,0.0,0.0,0.0,400671,Justin Weiss,2025-06-01 04:59:19
13102,726708,14,45342103,76,Justin Weiss (FC Naples) Substitution at 82',Justin Weiss Substitution,2,4920,82',22525,0,0,1980-01-01,0.0,0.0,0.0,0.0,0.0,0.0,280823,Max Glasser,2025-06-01 04:59:19
13102,726708,15,45342252,76,Tyler Pasnik (FC Naples) Substitution at 89',Tyler Pasnik Substitution,2,5340,89',22525,0,0,1980-01-01,0.0,0.0,0.0,0.0,0.0,0.0,366591,Tyler Pasnik,2025-06-01 04:59:19
13102,726708,16,45342284,76,Ian Cerro (FC Naples) Substitution at 89',Ian Cerro Substitution,2,5340,89',22525,0,0,1980-01-01,0.0,0.0,0.0,0.0,0.0,0.0,339143,Ian Cerro,2025-06-01 04:59:19
13102,726708,15,45342252,76,Tyler Pasnik (FC Naples) Substitution at 89',Tyler Pasnik Substitution,2,5340,89',22525,0,0,1980-01-01,0.0,0.0,0.0,0.0,0.0,0.0,295522,Karsen Henderlong,2025-06-01 04:59:19
13102,726708,16,45342284,76,Ian Cerro (FC Naples) Substitution at 89',Ian Cerro Substitution,2,5340,89',22525,0,0,1980-01-01,0.0,0.0,0.0,0.0,0.0,0.0,279774,Jayden Onen,2025-06-01 04:59:19
13102,726708,17,45342395,94,Brecc Evans (FC Naples) Yellow Card at 94',Brecc Evans Yellow Card,2,5400,90'+4',22525,0,0,1980-01-01,0.0,0.0,0.0,0.0,0.0,0.0,302984,Brecc Evans,2025-06-01 04:59:19
13102,726709,1,45339633,70,Azaad Liadi (Portland Hearts of Pine) Goal at 5',Azaad Liadi Goal,1,300,5',22528,0,0,1980-01-01,0.0,0.0,0.0,0.0,0.0,0.0,316332,Azaad Liadi,2025-06-01 04:59:19
13102,726709,2,45339700,70,Ollie Wright (Portland Hearts of Pine) Goal at 28',Ollie Wright Goal,1,1680,28',22528,0,0,1980-01-01,0.0,0.0,0.0,0.0,0.0,0.0,318758,Ollie Wright,2025-06-01 04:59:19
13102,726709,3,45339801,94,Kashope Oladapo (Portland Hearts of Pine) Yellow Card at 47',Kashope Oladapo Yellow Card,1,2700,45'+2',22528,0,0,1980-01-01,0.0,0.0,0.0,0.0,0.0,0.0,261517,Kashope Oladapo,2025-06-01 04:59:19
13102,726709,4,45339948,76,Sean Vinberg (Portland Hearts of Pine) Substitution at 45',Sean Vinberg Substitution,2,2700,45',22528,0,0,1980-01-01,0.0,0.0,0.0,0.0,0.0,0.0,389331,Sean Vinberg,2025-06-01 04:59:19
13102,726709,5,45339954,76,Ben Morris (Detroit City FC) Substitution at 45',Ben Morris Substitution,2,2700,45',19179,0,0,1980-01-01,0.0,0.0,0.0,0.0,0.0,0.0,123674,Ben Morris,2025-06-01 04:59:19
13102,726709,6,45339955,76,Shane Wiedt (Detroit City FC) Substitution at 45',Shane Wiedt Substitution,2,2700,45',19179,0,0,1980-01-01,0.0,0.0,0.0,0.0,0.0,0.0,230629,Shane Wiedt,2025-06-01 04:59:19
13102,726709,7,45339958,76,Sebastián Guenzatti (Detroit City FC) Substitution at 45',Sebastián Guenzatti Substitution,2,2700,45',19179,0,0,1980-01-01,0.0,0.0,0.0,0.0,0.0,0.0,220469,Sebastián Guenzatti,2025-06-01 04:59:19
13102,726709,8,45339959,76,Mohamed Mohamed (Portland Hearts of Pine) Substitution at 45',Mohamed Mohamed Substitution,2,2700,45',22528,0,0,1980-01-01,0.0,0.0,0.0,0.0,0.0,0.0,303493,Mohamed,2025-06-01 04:59:19
13102,726709,4,45339948,76,Sean Vinberg (Portland Hearts of Pine) Substitution at 45',Sean Vinberg Substitution,2,2700,45',22528,0,0,1980-01-01,0.0,0.0,0.0,0.0,0.0,0.0,400672,Kemali Green,2025-06-01 04:59:19
13102,726709,5,45339954,76,Ben Morris (Detroit City FC) Substitution at 45',Ben Morris Substitution,2,2700,45',19179,0,0,1980-01-01,0.0,0.0,0.0,0.0,0.0,0.0,287359,Jeciel Cedeno,2025-06-01 04:59:19
13102,726709,6,45339955,76,Shane Wiedt (Detroit City FC) Substitution at 45',Shane Wiedt Substitution,2,2700,45',19179,0,0,1980-01-01,0.0,0.0,0.0,0.0,0.0,0.0,303618,Alasanne Ates Diouf,2025-06-01 04:59:19
13102,726709,7,45339958,76,Sebastián Guenzatti (Detroit City FC) Substitution at 45',Sebastián Guenzatti Substitution,2,2700,45',19179,0,0,1980-01-01,0.0,0.0,0.0,0.0,0.0,0.0,337001,Connor Rutz,2025-06-01 04:59:19
13102,726709,8,45339959,76,Mohamed Mohamed (Portland Hearts of Pine) Substitution at 45',Mohamed Mohamed Substitution,2,2700,45',22528,0,0,1980-01-01,0.0,0.0,0.0,0.0,0.0,0.0,313284,Colby Quinones,2025-06-01 04:59:19
13102,726709,9,45340007,70,Sebastián Guenzatti (Detroit City FC) Goal at 52',Sebastián Guenzatti Goal,2,3120,52',19179,0,0,1980-01-01,0.0,0.0,0.0,0.0,0.0,0.0,220469,Sebastián Guenzatti,2025-06-01 04:59:19
13102,726709,10,45340052,76,Masashi Wada (Portland Hearts of Pine) Substitution at 59',Masashi Wada Substitution,2,3540,59',22528,0,0,1980-01-01,0.0,0.0,0.0,0.0,0.0,0.0,238078,Masashi Wada,2025-06-01 04:59:19
13102,726709,10,45340052,76,Masashi Wada (Portland Hearts of Pine) Substitution at 59',Masashi Wada Substitution,2,3540,59',22528,0,0,1980-01-01,0.0,0.0,0.0,0.0,0.0,0.0,334122,Nathaniel James,2025-06-01 04:59:19
13102,726709,11,45340072,76,Matthew Sheldon (Detroit City FC) Substitution at 68',Matthew Sheldon Substitution,2,4080,68',19179,0,0,1980-01-01,0.0,0.0,0.0,0.0,0.0,0.0,254018,Matthew Sheldon,2025-06-01 04:59:19
13102,726709,11,45340072,76,Matthew Sheldon (Detroit City FC) Substitution at 68',Matthew Sheldon Substitution,2,4080,68',19179,0,0,1980-01-01,0.0,0.0,0.0,0.0,0.0,0.0,384224,Haruki Yamazaki,2025-06-01 04:59:19
13102,726709,12,45340083,94,Jay Chapman (Detroit City FC) Yellow Card at 72',Jay Chapman Yellow Card,2,4320,72',19179,0,0,1980-01-01,0.0,0.0,0.0,0.0,0.0,0.0,159398,Jay Chapman,2025-06-01 04:59:19
13102,726709,13,45340106,76,Walter Varela (Portland Hearts of Pine) Substitution at 76',Walter Varela Substitution,2,4560,76',22528,0,0,1980-01-01,0.0,0.0,0.0,0.0,0.0,0.0,337618,Walter Varela,2025-06-01 04:59:19
13102,726709,13,45340106,76,Walter Varela (Portland Hearts of Pine) Substitution at 76',Walter Varela Substitution,2,4560,76',22528,0,0,1980-01-01,0.0,0.0,0.0,0.0,0.0,0.0,318758,Ollie Wright,2025-06-01 04:59:19
13102,726709,14,45340126,70,Walter Varela (Portland Hearts of Pine) Goal at 79',Walter Varela Goal,2,4740,79',22528,0,0,1980-01-01,0.0,0.0,0.0,0.0,0.0,0.0,337618,Walter Varela,2025-06-01 04:59:19
13102,726709,15,45340138,76,Jordan Adebayo-Smith (Detroit City FC) Substitution at 79',Jordan Adebayo-Smith Substitutio,2,4740,79',19179,0,0,1980-01-01,0.0,0.0,0.0,0.0,0.0,0.0,279779,Jordan Adebayo-Smith,2025-06-01 04:59:19
13102,726709,15,45340138,76,Jordan Adebayo-Smith (Detroit City FC) Substitution at 79',Jordan Adebayo-Smith Substitutio,2,4740,79',19179,0,0,1980-01-01,0.0,0.0,0.0,0.0,0.0,0.0,159398,Jay Chapman,2025-06-01 04:59:19
13102,726709,16,45340139,70,Darren Smith (Detroit City FC) Goal at 81',Darren Smith Goal,2,4860,81',19179,0,0,1980-01-01,0.0,0.0,0.0,0.0,0.0,0.0,269073,Darren Smith,2025-06-01 04:59:19
13102,726709,17,45340153,76,Titus Washington (Portland Hearts of Pine) Substitution at 82',Titus Washington Substitution,2,4920,82',22528,0,0,1980-01-01,0.0,0.0,0.0,0.0,0.0,0.0,400676,Titus Washington,2025-06-01 04:59:19
13102,726709,17,45340153,76,Titus Washington (Portland Hearts of Pine) Substitution at 82',Titus Washington Substitution,2,4920,82',22528,0,0,1980-01-01,0.0,0.0,0.0,0.0,0.0,0.0,316332,Azaad Liadi,2025-06-01 04:59:19
13102,726709,18,45340180,70,Mohamed Mohamed (Portland Hearts of Pine) Goal at 85',Mohamed Mohamed Goal,2,5100,85',22528,0,0,1980-01-01,0.0,0.0,0.0,0.0,0.0,0.0,303493,Mohamed,2025-06-01 04:59:19
13102,726710,1,45339431,94,Gerold Ngnepi (Hartford Athletic) Yellow Card at 22',Gerold Ngnepi Yellow Card,1,1320,22',19411,0,0,1980-01-01,0.0,0.0,0.0,0.0,0.0,0.0,318487,Gerold Ngnepi,2025-06-01 04:59:19
13102,726710,2,45339448,98,Juan Carlos Obregón Jr (Westchester SC) Penalty - Scored at 24',Juan Carlos Obregón Jr Penalty -,1,1440,24',22524,0,0,1980-01-01,0.0,0.0,0.0,0.0,0.0,0.0,296169,Juan Carlos Obregón Jr,2025-06-01 04:59:19
13102,726710,3,45339471,76,Andrew Jean-Baptiste (Westchester SC) Substitution at 29',Andrew Jean-Baptiste Substitutio,1,1740,29',22524,0,0,1980-01-01,0.0,0.0,0.0,0.0,0.0,0.0,171687,Andrew Jean-Baptiste,2025-06-01 04:59:19
13102,726710,3,45339471,76,Andrew Jean-Baptiste (Westchester SC) Substitution at 29',Andrew Jean-Baptiste Substitutio,1,1740,29',22524,0,0,1980-01-01,0.0,0.0,0.0,0.0,0.0,0.0,193663,Kemar Lawrence,2025-06-01 04:59:19
13102,726710,4,45339657,70,Samuel Careaga (Hartford Athletic) Goal at 51',Samuel Careaga Goal,2,3060,51',19411,0,0,1980-01-01,0.0,0.0,0.0,0.0,0.0,0.0,335672,Samuel Careaga,2025-06-01 04:59:19
13102,726710,5,45339658,94,Sebastian Anderson (Hartford Athletic) Yellow Card at 53',Sebastian Anderson Yellow Card,2,3180,53',19411,0,0,1980-01-01,0.0,0.0,0.0,0.0,0.0,0.0,280510,Sebastian Anderson,2025-06-01 04:59:19
13102,726710,6,45339664,94,Joseph Farrell (Hartford Athletic) Yellow Card at 55',Joseph Farrell Yellow Card,2,3300,55',19411,0,0,1980-01-01,0.0,0.0,0.0,0.0,0.0,0.0,236863,Joseph Farrell,2025-06-01 04:59:19
13102,726710,7,45339665,98,Juan Carlos Obregón Jr (Westchester SC) Penalty - Scored at 56',Juan Carlos Obregón Jr Penalty -,2,3360,56',22524,0,0,1980-01-01,0.0,0.0,0.0,0.0,0.0,0.0,296169,Juan Carlos Obregón Jr,2025-06-01 04:59:19
13102,726710,8,45339677,76,Koen Blommestijn (Westchester SC) Substitution at 64',Koen Blommestijn Substitution,2,3840,64',22524,0,0,1980-01-01,0.0,0.0,0.0,0.0,0.0,0.0,306431,Koen Blommestijn,2025-06-01 04:59:19
13102,726710,9,45339686,76,Jonathan Bolanos (Westchester SC) Substitution at 64',Jonathan Bolanos Substitution,2,3840,64',22524,0,0,1980-01-01,0.0,0.0,0.0,0.0,0.0,0.0,38846,Jonathan Bolanos,2025-06-01 04:59:19
13102,726710,8,45339677,76,Koen Blommestijn (Westchester SC) Substitution at 64',Koen Blommestijn Substitution,2,3840,64',22524,0,0,1980-01-01,0.0,0.0,0.0,0.0,0.0,0.0,296169,Juan Carlos Obregón Jr,2025-06-01 04:59:19
13102,726710,9,45339686,76,Jonathan Bolanos (Westchester SC) Substitution at 64',Jonathan Bolanos Substitution,2,3840,64',22524,0,0,1980-01-01,0.0,0.0,0.0,0.0,0.0,0.0,281907,Prince Saydee,2025-06-01 04:59:19
13102,726710,10,45339697,76,Marlon Hairston (Hartford Athletic) Substitution at 66',Marlon Hairston Substitution,2,3960,66',19411,0,0,1980-01-01,0.0,0.0,0.0,0.0,0.0,0.0,200844,Marlon Hairston,2025-06-01 04:59:19
13102,726710,10,45339697,76,Marlon Hairston (Hartford Athletic) Substitution at 66',Marlon Hairston Substitution,2,3960,66',19411,0,0,1980-01-01,0.0,0.0,0.0,0.0,0.0,0.0,303091,Beverly Makangila,2025-06-01 04:59:19
13102,726710,11,45339702,94,Dieng Mamadou (Hartford Athletic) Yellow Card at 68',Dieng Mamadou Yellow Card,2,4080,68',19411,0,0,1980-01-01,0.0,0.0,0.0,0.0,0.0,0.0,381418,Dieng Mamadou,2025-06-01 04:59:19
13102,726710,12,45339704,76,Jonathan Jimenez (Hartford Athletic) Substitution at 69',Jonathan Jimenez Substitution,2,4140,69',19411,0,0,1980-01-01,0.0,0.0,0.0,0.0,0.0,0.0,334150,Jonathan Jimenez,2025-06-01 04:59:19
13102,726710,12,45339704,76,Jonathan Jimenez (Hartford Athletic) Substitution at 69',Jonathan Jimenez Substitution,2,4140,69',19411,0,0,1980-01-01,0.0,0.0,0.0,0.0,0.0,0.0,401316,Adewale Obalola,2025-06-01 04:59:19
13102,726710,13,45339726,70,Samuel Careaga (Hartford Athletic) Goal at 75',Samuel Careaga Goal,2,4500,75',19411,0,0,1980-01-01,0.0,0.0,0.0,0.0,0.0,0.0,335672,Samuel Careaga,2025-06-01 04:59:19
13102,726710,14,45339769,76,Samory Powder (Westchester SC) Substitution at 81',Samory Powder Substitution,2,4860,81',22524,0,0,1980-01-01,0.0,0.0,0.0,0.0,0.0,0.0,338526,Samory Powder,2025-06-01 04:59:19
13102,726710,15,45339773,76,Ermin Mackic (Westchester SC) Substitution at 81',Ermin Mackic Substitution,2,4860,81',22524,0,0,1980-01-01,0.0,0.0,0.0,0.0,0.0,0.0,400963,Ermin Mackic,2025-06-01 04:59:19
13102,726710,14,45339769,76,Samory Powder (Westchester SC) Substitution at 81',Samory Powder Substitution,2,4860,81',22524,0,0,1980-01-01,0.0,0.0,0.0,0.0,0.0,0.0,304577,Dean Guezen,2025-06-01 04:59:19
13102,726710,15,45339773,76,Ermin Mackic (Westchester SC) Substitution at 81',Ermin Mackic Substitution,2,4860,81',22524,0,0,1980-01-01,0.0,0.0,0.0,0.0,0.0,0.0,291611,Daniel Bouman,2025-06-01 04:59:19
13102,726710,16,45339781,94,Andrew Jean-Baptiste (Westchester SC) Yellow Card at 83',Andrew Jean-Baptiste Yellow Card,2,4980,83',22524,0,0,1980-01-01,0.0,0.0,0.0,0.0,0.0,0.0,171687,Andrew Jean-Baptiste,2025-06-01 04:59:19
13102,726710,17,45339807,70,Dieng Mamadou (Hartford Athletic) Goal at 88',Dieng Mamadou Goal,2,5280,88',19411,0,0,1980-01-01,0.0,0.0,0.0,0.0,0.0,0.0,381418,Dieng Mamadou,2025-06-01 04:59:19
13102,726710,18,45339829,76,Junior Moreira (Hartford Athletic) Substitution at 91',Junior Moreira Substitution,2,5400,90'+1',19411,0,0,1980-01-01,0.0,0.0,0.0,0.0,0.0,0.0,401317,Junior Moreira,2025-06-01 04:59:19
13102,726710,19,45339837,94,Jonathan Bolanos (Westchester SC) Yellow Card at 92',Jonathan Bolanos Yellow Card,2,5400,90'+2',22524,0,0,1980-01-01,0.0,0.0,0.0,0.0,0.0,0.0,38846,Jonathan Bolanos,2025-06-01 04:59:19
13102,726710,20,45339860,94,Koen Blommestijn (Westchester SC) Yellow Card at 94',Koen Blommestijn Yellow Card,2,5400,90'+4',22524,0,0,1980-01-01,0.0,0.0,0.0,0.0,0.0,0.0,306431,Koen Blommestijn,2025-06-01 04:59:19
13102,726710,18,45339829,76,Junior Moreira (Hartford Athletic) Substitution at 91',Junior Moreira Substitution,2,5400,90'+1',19411,0,0,1980-01-01,0.0,0.0,0.0,0.0,0.0,0.0,217985,Kyle Edwards,2025-06-01 04:59:19
13102,726711,1,45340449,70,Michael Adedokun (Lexington) Goal at 18',Michael Adedokun Goal,1,1080,18',21822,0,0,1980-01-01,0.0,0.0,0.0,0.0,0.0,0.0,398656,Michael Adedokun,2025-06-01 04:59:19
13102,726711,2,45340492,94,Joe Hafferty (Lexington) Yellow Card at 23',Joe Hafferty Yellow Card,1,1380,23',21822,0,0,1980-01-01,0.0,0.0,0.0,0.0,0.0,0.0,254438,Joe Hafferty,2025-06-01 04:59:19
13102,726711,3,45340525,94,Anton Sorenson (Charlotte Independence) Yellow Card at 29',Anton Sorenson Yellow Card,1,1740,29',17826,0,0,1980-01-01,0.0,0.0,0.0,0.0,0.0,0.0,304133,Anton Sorenson,2025-06-01 04:59:19
13102,726711,4,45340572,94,Omar Ciss (Charlotte Independence) Yellow Card at 35',Omar Ciss Yellow Card,1,2100,35',17826,0,0,1980-01-01,0.0,0.0,0.0,0.0,0.0,0.0,303617,Omar Ciss,2025-06-01 04:59:19
13102,726711,5,45340759,94,Javen Romero (Charlotte Independence) Yellow Card at 47',Javen Romero Yellow Card,1,2700,45'+2',17826,0,0,1980-01-01,0.0,0.0,0.0,0.0,0.0,0.0,326304,Javen Romero,2025-06-01 04:59:19
13102,726711,6,45341154,70,Cory Burke (Lexington) Goal at 50',Cory Burke Goal,2,3000,50',21822,0,0,1980-01-01,0.0,0.0,0.0,0.0,0.0,0.0,227598,Cory Burke,2025-06-01 04:59:19
13102,726711,7,45341205,94,Cory Burke (Lexington) Yellow Card at 54',Cory Burke Yellow Card,2,3240,54',21822,0,0,1980-01-01,0.0,0.0,0.0,0.0,0.0,0.0,227598,Cory Burke,2025-06-01 04:59:19
13102,726711,8,45341210,70,Christian Chaney (Charlotte Independence) Goal at 55',Christian Chaney Goal,2,3300,55',17826,0,0,1980-01-01,0.0,0.0,0.0,0.0,0.0,0.0,254015,Christian Chaney,2025-06-01 04:59:19
13102,726711,9,45341340,76,Hugo Mbongue (Lexington) Substitution at 67',Hugo Mbongue Substitution,2,4020,67',21822,0,0,1980-01-01,0.0,0.0,0.0,0.0,0.0,0.0,319427,Hugo Mbongue,2025-06-01 04:59:19
13102,726711,9,45341340,76,Hugo Mbongue (Lexington) Substitution at 67',Hugo Mbongue Substitution,2,4020,67',21822,0,0,1980-01-01,0.0,0.0,0.0,0.0,0.0,0.0,227598,Cory Burke,2025-06-01 04:59:19
13102,726711,10,45341351,76,Gael Gibert (Lexington) Substitution at 68',Gael Gibert Substitution,2,4080,68',21822,0,0,1980-01-01,0.0,0.0,0.0,0.0,0.0,0.0,400967,Gael Gibert,2025-06-01 04:59:19
13102,726711,11,45341352,76,Juan Moreno (Charlotte Independence) Substitution at 68',Juan Moreno Substitution,2,4080,68',17826,0,0,1980-01-01,0.0,0.0,0.0,0.0,0.0,0.0,227196,Juan Moreno,2025-06-01 04:59:19
13102,726711,12,45341353,76,Fabrice Ngah (Charlotte Independence) Substitution at 68',Fabrice Ngah Substitution,2,4080,68',17826,0,0,1980-01-01,0.0,0.0,0.0,0.0,0.0,0.0,254294,Fabrice Ngah,2025-06-01 04:59:19
13102,726711,10,45341351,76,Gael Gibert (Lexington) Substitution at 68',Gael Gibert Substitution,2,4080,68',21822,0,0,1980-01-01,0.0,0.0,0.0,0.0,0.0,0.0,398656,Michael Adedokun,2025-06-01 04:59:19
13102,726711,11,45341352,76,Juan Moreno (Charlotte Independence) Substitution at 68',Juan Moreno Substitution,2,4080,68',17826,0,0,1980-01-01,0.0,0.0,0.0,0.0,0.0,0.0,304323,Rafael Jauregui,2025-06-01 04:59:19
13102,726711,12,45341353,76,Fabrice Ngah (Charlotte Independence) Substitution at 68',Fabrice Ngah Substitution,2,4080,68',17826,0,0,1980-01-01,0.0,0.0,0.0,0.0,0.0,0.0,304133,Anton Sorenson,2025-06-01 04:59:19
13102,726711,13,45341354,76,Devon Williams (Lexington) Substitution at 70',Devon Williams Substitution,2,4200,70',21822,0,0,1980-01-01,0.0,0.0,0.0,0.0,0.0,0.0,222782,Devon Williams,2025-06-01 04:59:19
13102,726711,13,45341354,76,Devon Williams (Lexington) Substitution at 70',Devon Williams Substitution,2,4200,70',21822,0,0,1980-01-01,0.0,0.0,0.0,0.0,0.0,0.0,333740,Sofiane Djeffal,2025-06-01 04:59:19
13102,726711,14,45341406,76,Jon Bakero (Charlotte Independence) Substitution at 75',Jon Bakero Substitution,2,4500,75',17826,0,0,1980-01-01,0.0,0.0,0.0,0.0,0.0,0.0,249719,Jon Bakero,2025-06-01 04:59:19
13102,726711,14,45341406,76,Jon Bakero (Charlotte Independence) Substitution at 75',Jon Bakero Substitution,2,4500,75',17826,0,0,1980-01-01,0.0,0.0,0.0,0.0,0.0,0.0,360319,Bachir Ndiaye,2025-06-01 04:59:19
13102,726711,15,45341458,76,Eliot Goldthorp (Lexington) Substitution at 78',Eliot Goldthorp Substitution,2,4680,78',21822,0,0,1980-01-01,0.0,0.0,0.0,0.0,0.0,0.0,280669,Eliot Goldthorp,2025-06-01 04:59:19
13102,726711,16,45341482,76,Jacob Greene (Lexington) Substitution at 78',Jacob Greene Substitution,2,4680,78',21822,0,0,1980-01-01,0.0,0.0,0.0,0.0,0.0,0.0,289449,Jacob Greene,2025-06-01 04:59:19
13102,726711,15,45341458,76,Eliot Goldthorp (Lexington) Substitution at 78',Eliot Goldthorp Substitution,2,4680,78',21822,0,0,1980-01-01,0.0,0.0,0.0,0.0,0.0,0.0,381420,Alfredo Midence,2025-06-01 04:59:19
13102,726711,16,45341482,76,Jacob Greene (Lexington) Substitution at 78',Jacob Greene Substitution,2,4680,78',21822,0,0,1980-01-01,0.0,0.0,0.0,0.0,0.0,0.0,398193,Xavier Zengue,2025-06-01 04:59:19
13102,726711,17,45341573,93,Nicolas Firmino (Lexington) Red Card at 82',Nicolas Firmino Red Card,2,4920,82',21822,0,0,1980-01-01,0.0,0.0,0.0,0.0,0.0,0.0,284636,Nicolas Firmino,2025-06-01 04:59:19
13102,726711,18,45341739,94,Nick Spielman (Charlotte Independence) Yellow Card at 90',Nick Spielman Yellow Card,2,5400,90',17826,0,0,1980-01-01,0.0,0.0,0.0,0.0,0.0,0.0,339148,Nick Spielman,2025-06-01 04:59:19
13102,726711,19,45341759,94,Marcus Epps (Lexington) Yellow Card at 92',Marcus Epps Yellow Card,2,5400,90'+2',21822,0,0,1980-01-01,0.0,0.0,0.0,0.0,0.0,0.0,242993,Marcus Epps,2025-06-01 04:59:19
13102,726711,20,45341784,70,Christian Chaney (Charlotte Independence) Goal at 93',Christian Chaney Goal,2,5400,90'+3',17826,0,0,1980-01-01,0.0,0.0,0.0,0.0,0.0,0.0,254015,Christian Chaney,2025-06-01 04:59:19
13102,726712,1,45340307,70,Matthew Bentley (Chattanooga Red Wolves) Goal at 2',Matthew Bentley Goal,1,120,2',20000,0,0,1980-01-01,0.0,0.0,0.0,0.0,0.0,0.0,302930,Matthew Bentley,2025-06-01 04:59:19
13102,726712,2,45340637,94,Damià Viader (Forward Madison FC) Yellow Card at 40',Damià Viader Yellow Card,1,2400,40',19995,0,0,1980-01-01,0.0,0.0,0.0,0.0,0.0,0.0,316343,Damià Viader,2025-06-01 04:59:19
13102,726712,3,45340676,94,John Murphy Jr. (Forward Madison FC) Yellow Card at 43',John Murphy Jr. Yellow Card,1,2580,43',19995,0,0,1980-01-01,0.0,0.0,0.0,0.0,0.0,0.0,23425,John Murphy Jr.,2025-06-01 04:59:19
13102,726712,4,45341022,76,Gharett Morris (Chattanooga Red Wolves) Substitution at 45',Gharett Morris Substitution,2,2700,45',20000,0,0,1980-01-01,0.0,0.0,0.0,0.0,0.0,0.0,360568,Gharett Morris,2025-06-01 04:59:19
13102,726712,5,45341023,76,José Carrera-Garcia (Forward Madison FC) Substitution at 45',José Carrera-Garcia Substitution,2,2700,45',19995,0,0,1980-01-01,0.0,0.0,0.0,0.0,0.0,0.0,256487,José Carrera-Garcia,2025-06-01 04:59:19
13102,726712,4,45341022,76,Gharett Morris (Chattanooga Red Wolves) Substitution at 45',Gharett Morris Substitution,2,2700,45',20000,0,0,1980-01-01,0.0,0.0,0.0,0.0,0.0,0.0,242652,Ualefi Rodrigues Dos Reis,2025-06-01 04:59:19
13102,726712,5,45341023,76,José Carrera-Garcia (Forward Madison FC) Substitution at 45',José Carrera-Garcia Substitution,2,2700,45',19995,0,0,1980-01-01,0.0,0.0,0.0,0.0,0.0,0.0,288236,Jackson Dietrich,2025-06-01 04:59:19
13102,726712,6,45341024,94,Omar Gómez (Chattanooga Red Wolves) Yellow Card at 46',Omar Gómez Yellow Card,2,2760,46',20000,0,0,1980-01-01,0.0,0.0,0.0,0.0,0.0,0.0,3400,Omar Gómez,2025-06-01 04:59:19
13102,726712,7,45341105,76,Owen Green (Chattanooga Red Wolves) Substitution at 52',Owen Green Substitution,2,3120,52',20000,0,0,1980-01-01,0.0,0.0,0.0,0.0,0.0,0.0,338831,Owen Green,2025-06-01 04:59:19
13102,726712,7,45341105,76,Owen Green (Chattanooga Red Wolves) Substitution at 52',Owen Green Substitution,2,3120,52',20000,0,0,1980-01-01,0.0,0.0,0.0,0.0,0.0,0.0,3400,Omar Gómez,2025-06-01 04:59:19
13102,726712,8,45341258,76,Ferrety Sousa (Forward Madison FC) Substitution at 62',Ferrety Sousa Substitution,2,3720,62',19995,0,0,1980-01-01,0.0,0.0,0.0,0.0,0.0,0.0,220460,Ferrety Sousa,2025-06-01 04:59:19
13102,726712,9,45341271,76,Nazeem Bartman (Forward Madison FC) Substitution at 62',Nazeem Bartman Substitution,2,3720,62',19995,0,0,1980-01-01,0.0,0.0,0.0,0.0,0.0,0.0,243006,Nazeem Bartman,2025-06-01 04:59:19
13102,726712,8,45341258,76,Ferrety Sousa (Forward Madison FC) Substitution at 62',Ferrety Sousa Substitution,2,3720,62',19995,0,0,1980-01-01,0.0,0.0,0.0,0.0,0.0,0.0,288047,Nico Brown,2025-06-01 04:59:19
13102,726712,9,45341271,76,Nazeem Bartman (Forward Madison FC) Substitution at 62',Nazeem Bartman Substitution,2,3720,62',19995,0,0,1980-01-01,0.0,0.0,0.0,0.0,0.0,0.0,291253,Christopher Garcia,2025-06-01 04:59:19
13102,726712,10,45341328,76,Zahir Vasquez (Chattanooga Red Wolves) Substitution at 68',Zahir Vasquez Substitution,2,4080,68',20000,0,0,1980-01-01,0.0,0.0,0.0,0.0,0.0,0.0,350564,Zahir Vasquez,2025-06-01 04:59:19
13102,726712,10,45341328,76,Zahir Vasquez (Chattanooga Red Wolves) Substitution at 68',Zahir Vasquez Substitution,2,4080,68',20000,0,0,1980-01-01,0.0,0.0,0.0,0.0,0.0,0.0,288012,Omar Hernandez,2025-06-01 04:59:19
13102,726712,11,45341344,98,Devin Boyce (Forward Madison FC) Penalty - Scored at 71',Devin Boyce Penalty - Scored,2,4260,71',19995,0,0,1980-01-01,0.0,0.0,0.0,0.0,0.0,0.0,316342,Devin Boyce,2025-06-01 04:59:19
13102,726712,12,45341424,94,Ferrety Sousa (Forward Madison FC) Yellow Card at 78',Ferrety Sousa Yellow Card,2,4680,78',19995,0,0,1980-01-01,0.0,0.0,0.0,0.0,0.0,0.0,220460,Ferrety Sousa,2025-06-01 04:59:19
13102,726712,13,45341448,76,Yanis Lelin (Chattanooga Red Wolves) Substitution at 79',Yanis Lelin Substitution,2,4740,79',20000,0,0,1980-01-01,0.0,0.0,0.0,0.0,0.0,0.0,324965,Yanis Lelin,2025-06-01 04:59:19
13102,726712,14,45341449,76,Alhassan (Chattanooga Red Wolves) Substitution at 79',Alhassan Substitution,2,4740,79',20000,0,0,1980-01-01,0.0,0.0,0.0,0.0,0.0,0.0,402247,Alhassan,2025-06-01 04:59:19
13102,726712,13,45341448,76,Yanis Lelin (Chattanooga Red Wolves) Substitution at 79',Yanis Lelin Substitution,2,4740,79',20000,0,0,1980-01-01,0.0,0.0,0.0,0.0,0.0,0.0,337096,Jordan Ayimbila,2025-06-01 04:59:19
13102,726712,14,45341449,76,Alhassan (Chattanooga Red Wolves) Substitution at 79',Alhassan Substitution,2,4740,79',20000,0,0,1980-01-01,0.0,0.0,0.0,0.0,0.0,0.0,338759,Pedro Hernandez,2025-06-01 04:59:19
13102,726713,1,45342542,70,Quenzi Huerman (Colorado Springs Switchbacks FC) Goal at 32',Quenzi Huerman Goal,1,1920,32',17830,0,0,1980-01-01,0.0,0.0,0.0,0.0,0.0,0.0,381416,Quenzi Huerman,2025-06-01 04:59:19
13102,726713,2,45342581,94,Quenzi Huerman (Colorado Springs Switchbacks FC) Yellow Card at 41',Quenzi Huerman Yellow Card,1,2460,41',17830,0,0,1980-01-01,0.0,0.0,0.0,0.0,0.0,0.0,381416,Quenzi Huerman,2025-06-01 04:59:19
13102,726713,3,45342916,76,Matthew Real (Colorado Springs Switchbacks FC) Substitution at 60',Matthew Real Substitution,2,3600,60',17830,0,0,1980-01-01,0.0,0.0,0.0,0.0,0.0,0.0,252812,Matthew Real,2025-06-01 04:59:19
13102,726713,4,45342917,76,Anthony Fontana (Colorado Springs Switchbacks FC) Substitution at 60',Anthony Fontana Substitution,2,3600,60',17830,0,0,1980-01-01,0.0,0.0,0.0,0.0,0.0,0.0,255419,Anthony Fontana,2025-06-01 04:59:19
13102,726713,3,45342916,76,Matthew Real (Colorado Springs Switchbacks FC) Substitution at 60',Matthew Real Substitution,2,3600,60',17830,0,0,1980-01-01,0.0,0.0,0.0,0.0,0.0,0.0,336999,Isaiah Foster,2025-06-01 04:59:19
13102,726713,4,45342917,76,Anthony Fontana (Colorado Springs Switchbacks FC) Substitution at 60',Anthony Fontana Substitution,2,3600,60',17830,0,0,1980-01-01,0.0,0.0,0.0,0.0,0.0,0.0,381416,Quenzi Huerman,2025-06-01 04:59:19
13102,726713,5,45342945,76,Wilmer Cabrera (El Paso Locomotive FC) Substitution at 64',Wilmer Cabrera Substitution,2,3840,64',19407,0,0,1980-01-01,0.0,0.0,0.0,0.0,0.0,0.0,82287,Wilmer Cabrera,2025-06-01 04:59:19
13102,726713,6,45342946,76,Ricky Ruiz (El Paso Locomotive FC) Substitution at 64',Ricky Ruiz Substitution,2,3840,64',19407,0,0,1980-01-01,0.0,0.0,0.0,0.0,0.0,0.0,273871,Ricky Ruiz,2025-06-01 04:59:19
13102,726713,7,45342947,76,Amando Moreno (El Paso Locomotive FC) Substitution at 64',Amando Moreno Substitution,2,3840,64',19407,0,0,1980-01-01,0.0,0.0,0.0,0.0,0.0,0.0,183750,Amando Moreno,2025-06-01 04:59:19
13102,726713,8,45342958,76,Frank Daroma (El Paso Locomotive FC) Substitution at 64',Frank Daroma Substitution,2,3840,64',19407,0,0,1980-01-01,0.0,0.0,0.0,0.0,0.0,0.0,318798,Frank Daroma,2025-06-01 04:59:19
13102,726713,5,45342945,76,Wilmer Cabrera (El Paso Locomotive FC) Substitution at 64',Wilmer Cabrera Substitution,2,3840,64',19407,0,0,1980-01-01,0.0,0.0,0.0,0.0,0.0,0.0,188112,Frank Lopez,2025-06-01 04:59:19
13102,726713,6,45342946,76,Ricky Ruiz (El Paso Locomotive FC) Substitution at 64',Ricky Ruiz Substitution,2,3840,64',19407,0,0,1980-01-01,0.0,0.0,0.0,0.0,0.0,0.0,383870,Mario Rodriguez,2025-06-01 04:59:19
13102,726713,7,45342947,76,Amando Moreno (El Paso Locomotive FC) Substitution at 64',Amando Moreno Substitution,2,3840,64',19407,0,0,1980-01-01,0.0,0.0,0.0,0.0,0.0,0.0,126244,Daniel Carter,2025-06-01 04:59:19
13102,726713,8,45342958,76,Frank Daroma (El Paso Locomotive FC) Substitution at 64',Frank Daroma Substitution,2,3840,64',19407,0,0,1980-01-01,0.0,0.0,0.0,0.0,0.0,0.0,267350,Kofi Twumasi,2025-06-01 04:59:19
13102,726713,9,45342991,94,Robert Coronado (El Paso Locomotive FC) Yellow Card at 70',Robert Coronado Yellow Card,2,4200,70',19407,0,0,1980-01-01,0.0,0.0,0.0,0.0,0.0,0.0,286746,Robert Coronado,2025-06-01 04:59:19
13102,726713,10,45343007,94,Garven-Michee Metusala (Colorado Springs Switchbacks FC) Yellow Card at 70',Garven-Michee Metusala Yellow Ca,2,4200,70',17830,0,0,1980-01-01,0.0,0.0,0.0,0.0,0.0,0.0,320621,Garven-Michee Metusala,2025-06-01 04:59:19
13102,726713,11,45343012,94,Amando Moreno (El Paso Locomotive FC) Yellow Card at 71',Amando Moreno Yellow Card,2,4260,71',19407,0,0,1980-01-01,0.0,0.0,0.0,0.0,0.0,0.0,183750,Amando Moreno,2025-06-01 04:59:19
13102,726713,12,45343018,76,Justin Dhillon (Colorado Springs Switchbacks FC) Substitution at 75',Justin Dhillon Substitution,2,4500,75',17830,0,0,1980-01-01,0.0,0.0,0.0,0.0,0.0,0.0,220523,Justin Dhillon,2025-06-01 04:59:19
13102,726713,12,45343018,76,Justin Dhillon (Colorado Springs Switchbacks FC) Substitution at 75',Justin Dhillon Substitution,2,4500,75',17830,0,0,1980-01-01,0.0,0.0,0.0,0.0,0.0,0.0,296431,Yosuke Hanya,2025-06-01 04:59:19
13102,726713,13,45343034,94,Marco Micaletto (Colorado Springs Switchbacks FC) Yellow Card at 76',Marco Micaletto Yellow Card,2,4560,76',17830,0,0,1980-01-01,0.0,0.0,0.0,0.0,0.0,0.0,256234,Marco Micaletto,2025-06-01 04:59:19
13102,726713,14,45343054,76,Omar Mora (El Paso Locomotive FC) Substitution at 79',Omar Mora Substitution,2,4740,79',19407,0,0,1980-01-01,0.0,0.0,0.0,0.0,0.0,0.0,112829,Omar Mora,2025-06-01 04:59:19
13102,726713,14,45343054,76,Omar Mora (El Paso Locomotive FC) Substitution at 79',Omar Mora Substitution,2,4740,79',19407,0,0,1980-01-01,0.0,0.0,0.0,0.0,0.0,0.0,287971,Robinson Moshobane,2025-06-01 04:59:19
13102,726713,15,45343078,94,Justin Dhillon (Colorado Springs Switchbacks FC) Yellow Card at 84',Justin Dhillon Yellow Card,2,5040,84',17830,0,0,1980-01-01,0.0,0.0,0.0,0.0,0.0,0.0,220523,Justin Dhillon,2025-06-01 04:59:19
13102,726713,16,45343100,94,Aidan Rocha (Colorado Springs Switchbacks FC) Yellow Card at 87',Aidan Rocha Yellow Card,2,5220,87',17830,0,0,1980-01-01,0.0,0.0,0.0,0.0,0.0,0.0,296230,Aidan Rocha,2025-06-01 04:59:19
13102,726714,1,45341596,94,Boubacar Diallo (FC Tulsa) Yellow Card at 15',Boubacar Diallo Yellow Card,1,900,15',18446,0,0,1980-01-01,0.0,0.0,0.0,0.0,0.0,0.0,24020,Boubacar Diallo,2025-06-01 04:59:19
13102,726714,2,45342580,94,Marcos Serrato (FC Tulsa) Yellow Card at 51',Marcos Serrato Yellow Card,2,3060,51',18446,0,0,1980-01-01,0.0,0.0,0.0,0.0,0.0,0.0,203858,Marcos Serrato,2025-06-01 04:59:19
13102,726714,3,45342651,98,Ronaldo Damus (Birmingham Legion FC) Penalty - Scored at 59',Ronaldo Damus Penalty - Scored,2,3540,59',19405,0,0,1980-01-01,0.0,0.0,0.0,0.0,0.0,0.0,245140,Ronaldo Damus,2025-06-01 04:59:19
13102,726714,4,45342904,94,Johan Penaranda (FC Tulsa) Yellow Card at 59',Johan Penaranda Yellow Card,2,3540,59',18446,0,0,1980-01-01,0.0,0.0,0.0,0.0,0.0,0.0,293816,Johan Penaranda,2025-06-01 04:59:19
13102,726714,5,45342668,94,Preston Tabortetaka (Birmingham Legion FC) Yellow Card at 60',Preston Tabortetaka Yellow Card,2,3600,60',19405,0,0,1980-01-01,0.0,0.0,0.0,0.0,0.0,0.0,257381,Preston Tabortetaka,2025-06-01 04:59:19
13102,726714,6,45342673,76,Stefan Lukic (FC Tulsa) Substitution at 61',Stefan Lukic Substitution,2,3660,61',18446,0,0,1980-01-01,0.0,0.0,0.0,0.0,0.0,0.0,339839,Stefan Lukic,2025-06-01 04:59:19
13102,726714,7,45342687,76,Giordano Colli (FC Tulsa) Substitution at 61',Giordano Colli Substitution,2,3660,61',18446,0,0,1980-01-01,0.0,0.0,0.0,0.0,0.0,0.0,310557,Giordano Colli,2025-06-01 04:59:19
13102,726714,6,45342673,76,Stefan Lukic (FC Tulsa) Substitution at 61',Stefan Lukic Substitution,2,3660,61',18446,0,0,1980-01-01,0.0,0.0,0.0,0.0,0.0,0.0,381688,Taylor Calheira,2025-06-01 04:59:19
13102,726714,7,45342687,76,Giordano Colli (FC Tulsa) Substitution at 61',Giordano Colli Substitution,2,3660,61',18446,0,0,1980-01-01,0.0,0.0,0.0,0.0,0.0,0.0,203858,Marcos Serrato,2025-06-01 04:59:19
13102,726714,8,45342693,70,Kalil ElMedkhar (FC Tulsa) Goal at 62',Kalil ElMedkhar Goal,2,3720,62',18446,0,0,1980-01-01,0.0,0.0,0.0,0.0,0.0,0.0,264411,Kalil ElMedkhar,2025-06-01 04:59:19
13102,726714,9,45342737,70,Sebastian Tregarthen (Birmingham Legion FC) Goal at 68',Sebastian Tregarthen Goal,2,4080,68',19405,0,0,1980-01-01,0.0,0.0,0.0,0.0,0.0,0.0,381970,Sebastian Tregarthen,2025-06-01 04:59:19
13102,726714,10,45342747,76,Alex Dalou (FC Tulsa) Substitution at 69',Alex Dalou Substitution,2,4140,69',18446,0,0,1980-01-01,0.0,0.0,0.0,0.0,0.0,0.0,361245,Alex Dalou,2025-06-01 04:59:19
13102,726714,11,45342748,76,Roman Torres (Birmingham Legion FC) Substitution at 69',Roman Torres Substitution,2,4140,69',19405,0,0,1980-01-01,0.0,0.0,0.0,0.0,0.0,0.0,318381,Roman Torres,2025-06-01 04:59:19
13102,726714,12,45342749,76,Daniel Trejo (Birmingham Legion FC) Substitution at 69',Daniel Trejo Substitution,2,4140,69',19405,0,0,1980-01-01,0.0,0.0,0.0,0.0,0.0,0.0,288146,Daniel Trejo,2025-06-01 04:59:19
13102,726714,10,45342747,76,Alex Dalou (FC Tulsa) Substitution at 69',Alex Dalou Substitution,2,4140,69',18446,0,0,1980-01-01,0.0,0.0,0.0,0.0,0.0,0.0,141815,Abdoulaye Cissoko,2025-06-01 04:59:19
13102,726714,11,45342748,76,Roman Torres (Birmingham Legion FC) Substitution at 69',Roman Torres Substitution,2,4140,69',19405,0,0,1980-01-01,0.0,0.0,0.0,0.0,0.0,0.0,171796,Enzo Martinez,2025-06-01 04:59:19
13102,726714,12,45342749,76,Daniel Trejo (Birmingham Legion FC) Substitution at 69',Daniel Trejo Substitution,2,4140,69',19405,0,0,1980-01-01,0.0,0.0,0.0,0.0,0.0,0.0,381970,Sebastian Tregarthen,2025-06-01 04:59:19
13102,726714,13,45342750,76,Tyler Pasher (Birmingham Legion FC) Substitution at 70',Tyler Pasher Substitution,2,4200,70',19405,0,0,1980-01-01,0.0,0.0,0.0,0.0,0.0,0.0,159387,Tyler Pasher,2025-06-01 04:59:19
13102,726714,13,45342750,76,Tyler Pasher (Birmingham Legion FC) Substitution at 70',Tyler Pasher Substitution,2,4200,70',19405,0,0,1980-01-01,0.0,0.0,0.0,0.0,0.0,0.0,257381,Preston Tabortetaka,2025-06-01 04:59:19
13102,726714,14,45342807,76,Andrew Booth (FC Tulsa) Substitution at 78',Andrew Booth Substitution,2,4680,78',18446,0,0,1980-01-01,0.0,0.0,0.0,0.0,0.0,0.0,229863,Andrew Booth,2025-06-01 04:59:19
13102,726714,15,45342816,94,Samuel McIllhatton (Birmingham Legion FC) Yellow Card at 78',Samuel McIllhatton Yellow Card,2,4680,78',19405,0,0,1980-01-01,0.0,0.0,0.0,0.0,0.0,0.0,259491,Samuel McIllhatton,2025-06-01 04:59:19
13102,726714,16,45342817,76,Lucas Stauffer (FC Tulsa) Substitution at 78',Lucas Stauffer Substitution,2,4680,78',18446,0,0,1980-01-01,0.0,0.0,0.0,0.0,0.0,0.0,253252,Lucas Stauffer,2025-06-01 04:59:19
13102,726714,14,45342807,76,Andrew Booth (FC Tulsa) Substitution at 78',Andrew Booth Substitution,2,4680,78',18446,0,0,1980-01-01,0.0,0.0,0.0,0.0,0.0,0.0,24020,Boubacar Diallo,2025-06-01 04:59:19
13102,726714,16,45342817,76,Lucas Stauffer (FC Tulsa) Substitution at 78',Lucas Stauffer Substitution,2,4680,78',18446,0,0,1980-01-01,0.0,0.0,0.0,0.0,0.0,0.0,245519,Harvey St Clair,2025-06-01 04:59:19
13102,726714,17,45342827,76,Kameron Lacey (Birmingham Legion FC) Substitution at 80',Kameron Lacey Substitution,2,4800,80',19405,0,0,1980-01-01,0.0,0.0,0.0,0.0,0.0,0.0,299518,Kameron Lacey,2025-06-01 04:59:19
13102,726714,17,45342827,76,Kameron Lacey (Birmingham Legion FC) Substitution at 80',Kameron Lacey Substitution,2,4800,80',19405,0,0,1980-01-01,0.0,0.0,0.0,0.0,0.0,0.0,245140,Ronaldo Damus,2025-06-01 04:59:19
13102,726714,18,45342869,76,Ereku Temitayo (Birmingham Legion FC) Substitution at 87',Ereku Temitayo Substitution,2,5220,87',19405,0,0,1980-01-01,0.0,0.0,0.0,0.0,0.0,0.0,401240,Ereku Temitayo,2025-06-01 04:59:19
13102,726714,18,45342869,76,Ereku Temitayo (Birmingham Legion FC) Substitution at 87',Ereku Temitayo Substitution,2,5220,87',19405,0,0,1980-01-01,0.0,0.0,0.0,0.0,0.0,0.0,259491,Samuel McIllhatton,2025-06-01 04:59:19
13102,726715,1,45340023,70,Abdellatif Aboukoura (Loudoun United FC) Goal at 14',Abdellatif Aboukoura Goal,1,840,14',19410,0,0,1980-01-01,0.0,0.0,0.0,0.0,0.0,0.0,318549,Abdellatif Aboukoura,2025-06-01 04:59:19
13102,726715,2,45340057,70,Adrien Perez (Louisville City FC) Goal at 20',Adrien Perez Goal,1,1200,20',17832,0,0,1980-01-01,0.0,0.0,0.0,0.0,0.0,0.0,274109,Adrien Perez,2025-06-01 04:59:19
13102,726715,3,45340074,94,Aiden Mcfadden (Louisville City FC) Yellow Card at 28',Aiden Mcfadden Yellow Card,1,1680,28',17832,0,0,1980-01-01,0.0,0.0,0.0,0.0,0.0,0.0,267206,Aiden Mcfadden,2025-06-01 04:59:19
13102,726715,4,45340078,94,Florian Valot (Loudoun United FC) Yellow Card at 28',Florian Valot Yellow Card,1,1680,28',19410,0,0,1980-01-01,0.0,0.0,0.0,0.0,0.0,0.0,246776,Florian Valot,2025-06-01 04:59:19
13102,726715,5,45340322,76,Amadou Dia (Louisville City FC) Substitution at 45',Amadou Dia Substitution,2,2700,45',17832,0,0,1980-01-01,0.0,0.0,0.0,0.0,0.0,0.0,217145,Amadou Dia,2025-06-01 04:59:19
13102,726715,6,45340340,76,Evan Davila (Louisville City FC) Substitution at 45',Evan Davila Substitution,2,2700,45',17832,0,0,1980-01-01,0.0,0.0,0.0,0.0,0.0,0.0,381586,Evan Davila,2025-06-01 04:59:19
13102,726715,5,45340322,76,Amadou Dia (Louisville City FC) Substitution at 45',Amadou Dia Substitution,2,2700,45',17832,0,0,1980-01-01,0.0,0.0,0.0,0.0,0.0,0.0,271808,Ray Serrano Lopez,2025-06-01 04:59:19
13102,726715,6,45340340,76,Evan Davila (Louisville City FC) Substitution at 45',Evan Davila Substitution,2,2700,45',17832,0,0,1980-01-01,0.0,0.0,0.0,0.0,0.0,0.0,279101,Manny Perez,2025-06-01 04:59:19
13102,726715,7,45340383,76,Niall McCabe (Louisville City FC) Substitution at 52',Niall McCabe Substitution,2,3120,52',17832,0,0,1980-01-01,0.0,0.0,0.0,0.0,0.0,0.0,220435,Niall McCabe,2025-06-01 04:59:19
13102,726715,7,45340383,76,Niall McCabe (Louisville City FC) Substitution at 52',Niall McCabe Substitution,2,3120,52',17832,0,0,1980-01-01,0.0,0.0,0.0,0.0,0.0,0.0,252540,Kevon Lambert,2025-06-01 04:59:19
13102,726715,8,45340455,70,Zachary Ryan (Loudoun United FC) Goal at 59',Zachary Ryan Goal,2,3540,59',19410,0,0,1980-01-01,0.0,0.0,0.0,0.0,0.0,0.0,252817,Zachary Ryan,2025-06-01 04:59:19
13102,726715,9,45340508,76,Riley Bidois (Loudoun United FC) Substitution at 68',Riley Bidois Substitution,2,4080,68',19410,0,0,1980-01-01,0.0,0.0,0.0,0.0,0.0,0.0,339118,Riley Bidois,2025-06-01 04:59:19
13102,726715,10,45340520,76,Ben Mines (Loudoun United FC) Substitution at 68',Ben Mines Substitution,2,4080,68',19410,0,0,1980-01-01,0.0,0.0,0.0,0.0,0.0,0.0,252814,Ben Mines,2025-06-01 04:59:19
13102,726715,9,45340508,76,Riley Bidois (Loudoun United FC) Substitution at 68',Riley Bidois Substitution,2,4080,68',19410,0,0,1980-01-01,0.0,0.0,0.0,0.0,0.0,0.0,252817,Zachary Ryan,2025-06-01 04:59:19
13102,726715,10,45340520,76,Ben Mines (Loudoun United FC) Substitution at 68',Ben Mines Substitution,2,4080,68',19410,0,0,1980-01-01,0.0,0.0,0.0,0.0,0.0,0.0,177694,Pedro Santos,2025-06-01 04:59:19
13102,726715,11,45340531,76,Isaac Cano (Louisville City FC) Substitution at 71',Isaac Cano Substitution,2,4260,71',17832,0,0,1980-01-01,0.0,0.0,0.0,0.0,0.0,0.0,360092,Isaac Cano,2025-06-01 04:59:19
13102,726715,11,45340531,76,Isaac Cano (Louisville City FC) Substitution at 71',Isaac Cano Substitution,2,4260,71',17832,0,0,1980-01-01,0.0,0.0,0.0,0.0,0.0,0.0,274109,Adrien Perez,2025-06-01 04:59:19
13102,726715,12,45340566,94,Sean Totsch (Louisville City FC) Yellow Card at 76',Sean Totsch Yellow Card,2,4560,76',17832,0,0,1980-01-01,0.0,0.0,0.0,0.0,0.0,0.0,220387,Sean Totsch,2025-06-01 04:59:19
13102,726715,13,45340585,94,Kwame Awuah (Loudoun United FC) Yellow Card at 77',Kwame Awuah Yellow Card,2,4620,77',19410,0,0,1980-01-01,0.0,0.0,0.0,0.0,0.0,0.0,253497,Kwame Awuah,2025-06-01 04:59:19
13102,726715,14,45340629,94,Thomas McCabe (Loudoun United FC) Yellow Card at 79',Thomas McCabe Yellow Card,2,4740,79',19410,0,0,1980-01-01,0.0,0.0,0.0,0.0,0.0,0.0,225614,Thomas McCabe,2025-06-01 04:59:19
13102,726715,15,45340657,94,Ben Mines (Loudoun United FC) Yellow Card at 83',Ben Mines Yellow Card,2,4980,83',19410,0,0,1980-01-01,0.0,0.0,0.0,0.0,0.0,0.0,252814,Ben Mines,2025-06-01 04:59:19
13102,726715,16,45340658,94,Kyle Adams (Louisville City FC) Yellow Card at 83',Kyle Adams Yellow Card,2,4980,83',17832,0,0,1980-01-01,0.0,0.0,0.0,0.0,0.0,0.0,246738,Kyle Adams,2025-06-01 04:59:19
13102,726715,17,45340685,76,Josh Jones (Louisville City FC) Substitution at 83',Josh Jones Substitution,2,4980,83',17832,0,0,1980-01-01,0.0,0.0,0.0,0.0,0.0,0.0,400974,Josh Jones,2025-06-01 04:59:19
13102,726715,17,45340685,76,Josh Jones (Louisville City FC) Substitution at 83',Josh Jones Substitution,2,4980,83',17832,0,0,1980-01-01,0.0,0.0,0.0,0.0,0.0,0.0,293822,Arturo Ordoñez,2025-06-01 04:59:19
13102,726715,18,45340715,76,Robert Dambrot (Loudoun United FC) Substitution at 85',Robert Dambrot Substitution,2,5100,85',19410,0,0,1980-01-01,0.0,0.0,0.0,0.0,0.0,0.0,291685,Robert Dambrot,2025-06-01 04:59:19
13102,726715,18,45340715,76,Robert Dambrot (Loudoun United FC) Substitution at 85',Robert Dambrot Substitution,2,5100,85',19410,0,0,1980-01-01,0.0,0.0,0.0,0.0,0.0,0.0,318549,Abdellatif Aboukoura,2025-06-01 04:59:19
13102,726716,1,45340049,94,Tyler Polak (Greenville Triumph) Yellow Card at 17',Tyler Polak Yellow Card,1,1020,17',19964,0,0,1980-01-01,0.0,0.0,0.0,0.0,0.0,0.0,171649,Tyler Polak,2025-06-01 04:59:19
13102,726716,2,45340171,70,Ben Zakowski (Greenville Triumph) Goal at 44',Ben Zakowski Goal,1,2640,44',19964,0,0,1980-01-01,0.0,0.0,0.0,0.0,0.0,0.0,381433,Ben Zakowski,2025-06-01 04:59:19
13102,726716,3,45340315,76,Michael Edwards (Charleston Battery) Substitution at 45',Michael Edwards Substitution,2,2700,45',9729,0,0,1980-01-01,0.0,0.0,0.0,0.0,0.0,0.0,66579,Michael Edwards,2025-06-01 04:59:19
13102,726716,4,45340316,76,Toby Sims (Greenville Triumph) Substitution at 45',Toby Sims Substitution,2,2700,45',19964,0,0,1980-01-01,0.0,0.0,0.0,0.0,0.0,0.0,337071,Toby Sims,2025-06-01 04:59:19
13102,726716,5,45340325,76,Evan Lee (Greenville Triumph) Substitution at 45',Evan Lee Substitution,2,2700,45',19964,0,0,1980-01-01,0.0,0.0,0.0,0.0,0.0,0.0,236639,Evan Lee,2025-06-01 04:59:19
13102,726716,3,45340315,76,Michael Edwards (Charleston Battery) Substitution at 45',Michael Edwards Substitution,2,2700,45',9729,0,0,1980-01-01,0.0,0.0,0.0,0.0,0.0,0.0,271826,Johnny Klein,2025-06-01 04:59:19
13102,726716,4,45340316,76,Toby Sims (Greenville Triumph) Substitution at 45',Toby Sims Substitution,2,2700,45',19964,0,0,1980-01-01,0.0,0.0,0.0,0.0,0.0,0.0,308817,Zane Bubb,2025-06-01 04:59:19
13102,726716,5,45340325,76,Evan Lee (Greenville Triumph) Substitution at 45',Evan Lee Substitution,2,2700,45',19964,0,0,1980-01-01,0.0,0.0,0.0,0.0,0.0,0.0,324971,Rodrigo Robles,2025-06-01 04:59:19
13102,726716,6,45340440,76,Ezekiel Soto (Greenville Triumph) Substitution at 59',Ezekiel Soto Substitution,2,3540,59',19964,0,0,1980-01-01,0.0,0.0,0.0,0.0,0.0,0.0,372118,Ezekiel Soto,2025-06-01 04:59:19
13102,726716,6,45340440,76,Ezekiel Soto (Greenville Triumph) Substitution at 59',Ezekiel Soto Substitution,2,3540,59',19964,0,0,1980-01-01,0.0,0.0,0.0,0.0,0.0,0.0,288064,Michael Gonzalez,2025-06-01 04:59:19
13102,726716,7,45340463,76,Chris Allan (Charleston Battery) Substitution at 62',Chris Allan Substitution,2,3720,62',9729,0,0,1980-01-01,0.0,0.0,0.0,0.0,0.0,0.0,113439,Chris Allan,2025-06-01 04:59:19
13102,726716,7,45340463,76,Chris Allan (Charleston Battery) Substitution at 62',Chris Allan Substitution,2,3720,62',9729,0,0,1980-01-01,0.0,0.0,0.0,0.0,0.0,0.0,319259,Houssou Landry,2025-06-01 04:59:19
13102,726716,8,45340464,76,Arturo Rodriguez (Charleston Battery) Substitution at 63',Arturo Rodriguez Substitution,2,3780,63',9729,0,0,1980-01-01,0.0,0.0,0.0,0.0,0.0,0.0,303086,Arturo Rodriguez,2025-06-01 04:59:19
13102,726716,9,45340465,76,Matt Myers (Charleston Battery) Substitution at 63',Matt Myers Substitution,2,3780,63',9729,0,0,1980-01-01,0.0,0.0,0.0,0.0,0.0,0.0,380211,Matt Myers,2025-06-01 04:59:19
13102,726716,10,45340466,76,Devin Benton (Greenville Triumph) Substitution at 63',Devin Benton Substitution,2,3780,63',19964,0,0,1980-01-01,0.0,0.0,0.0,0.0,0.0,0.0,325969,Devin Benton,2025-06-01 04:59:19
13102,726716,8,45340464,76,Arturo Rodriguez (Charleston Battery) Substitution at 63',Arturo Rodriguez Substitution,2,3780,63',9729,0,0,1980-01-01,0.0,0.0,0.0,0.0,0.0,0.0,263547,Emilio Ycaza,2025-06-01 04:59:19
13102,726716,9,45340465,76,Matt Myers (Charleston Battery) Substitution at 63',Matt Myers Substitution,2,3780,63',9729,0,0,1980-01-01,0.0,0.0,0.0,0.0,0.0,0.0,256421,Mark Segbres,2025-06-01 04:59:19
13102,726716,10,45340466,76,Devin Benton (Greenville Triumph) Substitution at 63',Devin Benton Substitution,2,3780,63',19964,0,0,1980-01-01,0.0,0.0,0.0,0.0,0.0,0.0,361322,Anthony Patti,2025-06-01 04:59:19
13102,726716,11,45340524,94,Aaron Molloy (Charleston Battery) Yellow Card at 72',Aaron Molloy Yellow Card,2,4320,72',9729,0,0,1980-01-01,0.0,0.0,0.0,0.0,0.0,0.0,257202,Aaron Molloy,2025-06-01 04:59:19
13102,726716,12,45340544,94,Ezekiel Soto (Greenville Triumph) Yellow Card at 75',Ezekiel Soto Yellow Card,2,4500,75',19964,0,0,1980-01-01,0.0,0.0,0.0,0.0,0.0,0.0,372118,Ezekiel Soto,2025-06-01 04:59:19
13102,726716,13,45340560,76,Langston Blackstock (Charleston Battery) Substitution at 78',Langston Blackstock Substitution,2,4680,78',9729,0,0,1980-01-01,0.0,0.0,0.0,0.0,0.0,0.0,280917,Langston Blackstock,2025-06-01 04:59:19
13102,726716,13,45340560,76,Langston Blackstock (Charleston Battery) Substitution at 78',Langston Blackstock Substitution,2,4680,78',9729,0,0,1980-01-01,0.0,0.0,0.0,0.0,0.0,0.0,189977,Douglas Martínez,2025-06-01 04:59:19
13102,726716,14,45340683,76,Ropapa Mensah (Greenville Triumph) Substitution at 86',Ropapa Mensah Substitution,2,5160,86',19964,0,0,1980-01-01,0.0,0.0,0.0,0.0,0.0,0.0,254297,Ropapa Mensah,2025-06-01 04:59:19
13102,726716,14,45340683,76,Ropapa Mensah (Greenville Triumph) Substitution at 86',Ropapa Mensah Substitution,2,5160,86',19964,0,0,1980-01-01,0.0,0.0,0.0,0.0,0.0,0.0,121216,Leonardo Castro,2025-06-01 04:59:19
13102,726717,1,45342881,94,Sami Guediri (Monterey Bay) Yellow Card at 16',Sami Guediri Yellow Card,1,960,16',21370,0,0,1980-01-01,0.0,0.0,0.0,0.0,0.0,0.0,287963,Sami Guediri,2025-06-01 04:59:19
13102,726717,2,45342970,70,Pedro Guimaraes (Orange County SC) Goal at 27',Pedro Guimaraes Goal,1,1620,27',18455,0,0,1980-01-01,0.0,0.0,0.0,0.0,0.0,0.0,388567,Pedro Guimaraes,2025-06-01 04:59:19
13102,726717,3,45343011,94,Carlos Guzmán (Monterey Bay) Yellow Card at 32',Carlos Guzmán Yellow Card,1,1920,32',21370,0,0,1980-01-01,0.0,0.0,0.0,0.0,0.0,0.0,168260,Carlos Guzmán,2025-06-01 04:59:19
13102,726717,4,45343023,70,Paul Gindiri (Monterey Bay) Goal at 36',Paul Gindiri Goal,1,2160,36',21370,0,0,1980-01-01,0.0,0.0,0.0,0.0,0.0,0.0,286797,Paul Gindiri,2025-06-01 04:59:19
13102,726717,5,45343175,76,Grant Robinson (Monterey Bay) Substitution at 45',Grant Robinson Substitution,2,2700,45',21370,0,0,1980-01-01,0.0,0.0,0.0,0.0,0.0,0.0,208370,Grant Robinson,2025-06-01 04:59:19
13102,726717,5,45343175,76,Grant Robinson (Monterey Bay) Substitution at 45',Grant Robinson Substitution,2,2700,45',21370,0,0,1980-01-01,0.0,0.0,0.0,0.0,0.0,0.0,287963,Sami Guediri,2025-06-01 04:59:19
13102,726717,6,45343194,94,Pedro Guimaraes (Orange County SC) Yellow Card at 51',Pedro Guimaraes Yellow Card,2,3060,51',18455,0,0,1980-01-01,0.0,0.0,0.0,0.0,0.0,0.0,388567,Pedro Guimaraes,2025-06-01 04:59:19
13102,726717,7,45343273,76,Xavi Gnaulati (Monterey Bay) Substitution at 62',Xavi Gnaulati Substitution,2,3720,62',21370,0,0,1980-01-01,0.0,0.0,0.0,0.0,0.0,0.0,318485,Xavi Gnaulati,2025-06-01 04:59:19
13102,726717,8,45343275,76,Diego Gutiérrez (Monterey Bay) Substitution at 62',Diego Gutiérrez Substitution,2,3720,62',21370,0,0,1980-01-01,0.0,0.0,0.0,0.0,0.0,0.0,336548,Diego Gutiérrez,2025-06-01 04:59:19
13102,726717,7,45343273,76,Xavi Gnaulati (Monterey Bay) Substitution at 62',Xavi Gnaulati Substitution,2,3720,62',21370,0,0,1980-01-01,0.0,0.0,0.0,0.0,0.0,0.0,385517,Anton Søjberg,2025-06-01 04:59:19
13102,726717,8,45343275,76,Diego Gutiérrez (Monterey Bay) Substitution at 62',Diego Gutiérrez Substitution,2,3720,62',21370,0,0,1980-01-01,0.0,0.0,0.0,0.0,0.0,0.0,337068,Adrian Rebollar,2025-06-01 04:59:19
13102,726717,9,45343280,70,Paul Gindiri (Monterey Bay) Goal at 67',Paul Gindiri Goal,2,4020,67',21370,0,0,1980-01-01,0.0,0.0,0.0,0.0,0.0,0.0,286797,Paul Gindiri,2025-06-01 04:59:19
13102,726717,10,45343283,76,Mouhamadou War (Orange County SC) Substitution at 68',Mouhamadou War Substitution,2,4080,68',18455,0,0,1980-01-01,0.0,0.0,0.0,0.0,0.0,0.0,382412,Mouhamadou War,2025-06-01 04:59:19
13102,726717,11,45343284,76,Benjamin Barjolo (Orange County SC) Substitution at 68',Benjamin Barjolo Substitution,2,4080,68',18455,0,0,1980-01-01,0.0,0.0,0.0,0.0,0.0,0.0,369873,Benjamin Barjolo,2025-06-01 04:59:19
13102,726717,10,45343283,76,Mouhamadou War (Orange County SC) Substitution at 68',Mouhamadou War Substitution,2,4080,68',18455,0,0,1980-01-01,0.0,0.0,0.0,0.0,0.0,0.0,360863,Lyam Mackinnon,2025-06-01 04:59:19
13102,726717,11,45343284,76,Benjamin Barjolo (Orange County SC) Substitution at 68',Benjamin Barjolo Substitution,2,4080,68',18455,0,0,1980-01-01,0.0,0.0,0.0,0.0,0.0,0.0,350873,Bryce Jamison,2025-06-01 04:59:19
13102,726717,12,45343288,94,Paul Gindiri (Monterey Bay) Yellow Card at 71',Paul Gindiri Yellow Card,2,4260,71',21370,0,0,1980-01-01,0.0,0.0,0.0,0.0,0.0,0.0,286797,Paul Gindiri,2025-06-01 04:59:19
13102,726717,13,45343289,94,Colin Shutler (Orange County SC) Yellow Card at 71',Colin Shutler Yellow Card,2,4260,71',18455,0,0,1980-01-01,0.0,0.0,0.0,0.0,0.0,0.0,249405,Colin Shutler,2025-06-01 04:59:19
13102,726717,14,45343290,76,Mayele Malango (Monterey Bay) Substitution at 76',Mayele Malango Substitution,2,4560,76',21370,0,0,1980-01-01,0.0,0.0,0.0,0.0,0.0,0.0,316375,Mayele Malango,2025-06-01 04:59:19
13102,726717,15,45343293,76,Jacob Muir (Monterey Bay) Substitution at 76',Jacob Muir Substitution,2,4560,76',21370,0,0,1980-01-01,0.0,0.0,0.0,0.0,0.0,0.0,331306,Jacob Muir,2025-06-01 04:59:19
13102,726717,14,45343290,76,Mayele Malango (Monterey Bay) Substitution at 76',Mayele Malango Substitution,2,4560,76',21370,0,0,1980-01-01,0.0,0.0,0.0,0.0,0.0,0.0,156322,Alex Dixon,2025-06-01 04:59:19
13102,726717,15,45343293,76,Jacob Muir (Monterey Bay) Substitution at 76',Jacob Muir Substitution,2,4560,76',21370,0,0,1980-01-01,0.0,0.0,0.0,0.0,0.0,0.0,400662,Joel Garcia Jr.,2025-06-01 04:59:19
13102,726717,16,45343300,76,Ousmane Sylla (Orange County SC) Substitution at 77',Ousmane Sylla Substitution,2,4620,77',18455,0,0,1980-01-01,0.0,0.0,0.0,0.0,0.0,0.0,380793,Ousmane Sylla,2025-06-01 04:59:19
13102,726717,16,45343300,76,Ousmane Sylla (Orange County SC) Substitution at 77',Ousmane Sylla Substitution,2,4620,77',18455,0,0,1980-01-01,0.0,0.0,0.0,0.0,0.0,0.0,350049,Ashton Miles,2025-06-01 04:59:19
13102,726717,17,45343328,94,Grant Robinson (Monterey Bay) Yellow Card at 82',Grant Robinson Yellow Card,2,4920,82',21370,0,0,1980-01-01,0.0,0.0,0.0,0.0,0.0,0.0,208370,Grant Robinson,2025-06-01 04:59:19
13102,726717,18,45343352,70,Adam Larsson (Monterey Bay) Goal at 85',Adam Larsson Goal,2,5100,85',21370,0,0,1980-01-01,0.0,0.0,0.0,0.0,0.0,0.0,146667,Adam Larsson,2025-06-01 04:59:19
13102,726717,19,45343361,76,Gavin Karam (Orange County SC) Substitution at 87',Gavin Karam Substitution,2,5220,87',18455,0,0,1980-01-01,0.0,0.0,0.0,0.0,0.0,0.0,401625,Gavin Karam,2025-06-01 04:59:19
13102,726717,20,45343362,76,Nicola Ciotta (Orange County SC) Substitution at 87',Nicola Ciotta Substitution,2,5220,87',18455,0,0,1980-01-01,0.0,0.0,0.0,0.0,0.0,0.0,404657,Nicola Ciotta,2025-06-01 04:59:19
13102,726717,19,45343361,76,Gavin Karam (Orange County SC) Substitution at 87',Gavin Karam Substitution,2,5220,87',18455,0,0,1980-01-01,0.0,0.0,0.0,0.0,0.0,0.0,291746,Christopher Hegardt,2025-06-01 04:59:19
13102,726717,20,45343362,76,Nicola Ciotta (Orange County SC) Substitution at 87',Nicola Ciotta Substitution,2,5220,87',18455,0,0,1980-01-01,0.0,0.0,0.0,0.0,0.0,0.0,388567,Pedro Guimaraes,2025-06-01 04:59:19
13102,726717,21,45343397,70,Cameron Dunbar (Orange County SC) Goal at 93',Cameron Dunbar Goal,2,5400,90'+3',18455,0,0,1980-01-01,0.0,0.0,0.0,0.0,0.0,0.0,291252,Cameron Dunbar,2025-06-01 04:59:19
13102,726718,1,45343055,94,Ousman Jabang (New Mexico United) Yellow Card at 8',Ousman Jabang Yellow Card,1,480,8',19408,0,0,1980-01-01,0.0,0.0,0.0,0.0,0.0,0.0,308788,Ousman Jabang,2025-06-01 04:59:19
13102,726718,2,45343074,94,John Scearce (Phoenix Rising FC) Yellow Card at 13',John Scearce Yellow Card,1,780,13',17850,0,0,1980-01-01,0.0,0.0,0.0,0.0,0.0,0.0,296122,John Scearce,2025-06-01 04:59:19
13102,726718,3,45343077,70,Mukwelle Akale (New Mexico United) Goal at 14',Mukwelle Akale Goal,1,840,14',19408,0,0,1980-01-01,0.0,0.0,0.0,0.0,0.0,0.0,340591,Mukwelle Akale,2025-06-01 04:59:19
13102,726718,4,45343208,98,Ihsan Sacko (Phoenix Rising FC) Penalty - Scored at 40',Ihsan Sacko Penalty - Scored,1,2400,40',17850,0,0,1980-01-01,0.0,0.0,0.0,0.0,0.0,0.0,240157,Ihsan Sacko,2025-06-01 04:59:19
13102,726718,5,45343227,94,Jearl Margaritha (Phoenix Rising FC) Yellow Card at 44',Jearl Margaritha Yellow Card,1,2640,44',17850,0,0,1980-01-01,0.0,0.0,0.0,0.0,0.0,0.0,301441,Jearl Margaritha,2025-06-01 04:59:19
13102,726718,6,45343252,70,Hope Avayevu (Phoenix Rising FC) Goal at 47',Hope Avayevu Goal,1,2700,45'+2',17850,0,0,1980-01-01,0.0,0.0,0.0,0.0,0.0,0.0,317487,Hope Avayevu,2025-06-01 04:59:19
13102,726718,7,45343301,76,Marlon Vargas (New Mexico United) Substitution at 45',Marlon Vargas Substitution,2,2700,45',19408,0,0,1980-01-01,0.0,0.0,0.0,0.0,0.0,0.0,271847,Marlon Vargas,2025-06-01 04:59:19
13102,726718,7,45343301,76,Marlon Vargas (New Mexico United) Substitution at 45',Marlon Vargas Substitution,2,2700,45',19408,0,0,1980-01-01,0.0,0.0,0.0,0.0,0.0,0.0,255237,Zico Bailey,2025-06-01 04:59:19
13102,726718,8,45343377,70,Luiz Fernando (New Mexico United) Goal at 57',Luiz Fernando Goal,2,3420,57',19408,0,0,1980-01-01,0.0,0.0,0.0,0.0,0.0,0.0,236634,Luiz Fernando,2025-06-01 04:59:19
13102,726718,9,45343384,76,McKinze Gaines (New Mexico United) Substitution at 58',McKinze Gaines Substitution,2,3480,58',19408,0,0,1980-01-01,0.0,0.0,0.0,0.0,0.0,0.0,225606,McKinze Gaines,2025-06-01 04:59:19
13102,726718,10,45343385,76,Daniel Bruce (New Mexico United) Substitution at 58',Daniel Bruce Substitution,2,3480,58',19408,0,0,1980-01-01,0.0,0.0,0.0,0.0,0.0,0.0,246376,Daniel Bruce,2025-06-01 04:59:19
13102,726718,11,45343386,76,Tomas Pondeca (New Mexico United) Substitution at 58',Tomas Pondeca Substitution,2,3480,58',19408,0,0,1980-01-01,0.0,0.0,0.0,0.0,0.0,0.0,378655,Tomas Pondeca,2025-06-01 04:59:19
13102,726718,9,45343384,76,McKinze Gaines (New Mexico United) Substitution at 58',McKinze Gaines Substitution,2,3480,58',19408,0,0,1980-01-01,0.0,0.0,0.0,0.0,0.0,0.0,236634,Luiz Fernando,2025-06-01 04:59:19
13102,726718,10,45343385,76,Daniel Bruce (New Mexico United) Substitution at 58',Daniel Bruce Substitution,2,3480,58',19408,0,0,1980-01-01,0.0,0.0,0.0,0.0,0.0,0.0,234954,Thomas Amang,2025-06-01 04:59:19
13102,726718,11,45343386,76,Tomas Pondeca (New Mexico United) Substitution at 58',Tomas Pondeca Substitution,2,3480,58',19408,0,0,1980-01-01,0.0,0.0,0.0,0.0,0.0,0.0,308788,Ousman Jabang,2025-06-01 04:59:19
13102,726718,12,45343414,70,McKinze Gaines (New Mexico United) Goal at 63',McKinze Gaines Goal,2,3780,63',19408,0,0,1980-01-01,0.0,0.0,0.0,0.0,0.0,0.0,225606,McKinze Gaines,2025-06-01 04:59:19
13102,726718,13,45343448,76,Mohamed Traore (Phoenix Rising FC) Substitution at 70',Mohamed Traore Substitution,2,4200,70',17850,0,0,1980-01-01,0.0,0.0,0.0,0.0,0.0,0.0,163216,Mohamed Traore,2025-06-01 04:59:19
13102,726718,14,45343449,70,John Scearce (Phoenix Rising FC) Goal at 70',John Scearce Goal,2,4200,70',17850,0,0,1980-01-01,0.0,0.0,0.0,0.0,0.0,0.0,296122,John Scearce,2025-06-01 04:59:19
13102,726718,13,45343448,76,Mohamed Traore (Phoenix Rising FC) Substitution at 70',Mohamed Traore Substitution,2,4200,70',17850,0,0,1980-01-01,0.0,0.0,0.0,0.0,0.0,0.0,273474,Ryan Flood,2025-06-01 04:59:19
13102,726718,15,45343468,76,Will Seymore (New Mexico United) Substitution at 74',Will Seymore Substitution,2,4440,74',19408,0,0,1980-01-01,0.0,0.0,0.0,0.0,0.0,0.0,253004,Will Seymore,2025-06-01 04:59:19
13102,726718,15,45343468,76,Will Seymore (New Mexico United) Substitution at 74',Will Seymore Substitution,2,4440,74',19408,0,0,1980-01-01,0.0,0.0,0.0,0.0,0.0,0.0,252816,Chris Gloster,2025-06-01 04:59:19
13102,726718,16,45343499,76,Dariusz Formella (Phoenix Rising FC) Substitution at 78',Dariusz Formella Substitution,2,4680,78',17850,0,0,1980-01-01,0.0,0.0,0.0,0.0,0.0,0.0,191170,Dariusz Formella,2025-06-02 04:54:51
13102,726718,16,45343499,76,Dariusz Formella (Phoenix Rising FC) Substitution at 78',Dariusz Formella Substitution,2,4680,78',17850,0,0,1980-01-01,0.0,0.0,0.0,0.0,0.0,0.0,290745,Darius Johnson,2025-06-02 04:54:51
13102,726718,17,45343569,76,Charlie Dennis (Phoenix Rising FC) Substitution at 90',Charlie Dennis Substitution,2,5400,90',17850,0,0,1980-01-01,0.0,0.0,0.0,0.0,0.0,0.0,288190,Charlie Dennis,2025-06-02 04:54:51
13102,726718,17,45343569,76,Charlie Dennis (Phoenix Rising FC) Substitution at 90',Charlie Dennis Substitution,2,5400,90',17850,0,0,1980-01-01,0.0,0.0,0.0,0.0,0.0,0.0,317487,Hope Avayevu,2025-06-02 04:54:51
13102,726719,1,45340355,94,Maxi Rodriguez (Rhode Island FC) Yellow Card at 6',Maxi Rodriguez Yellow Card,1,360,6',22164,0,0,1980-01-01,0.0,0.0,0.0,0.0,0.0,0.0,111864,Maxi Rodriguez,2025-06-01 04:59:19
13102,726719,2,45340454,70,Jojea Kwizera (Rhode Island FC) Goal at 19',Jojea Kwizera Goal,1,1140,19',22164,0,0,1980-01-01,0.0,0.0,0.0,0.0,0.0,0.0,292944,Jojea Kwizera,2025-06-01 04:59:19
13102,726719,3,45340591,94,Jackson Walti (Pittsburgh Riverhounds) Yellow Card at 37',Jackson Walti Yellow Card,1,2220,37',17827,0,0,1980-01-01,0.0,0.0,0.0,0.0,0.0,0.0,293817,Jackson Walti,2025-06-01 04:59:19
13102,726719,4,45340684,94,Clay Holstad (Rhode Island FC) Yellow Card at 42',Clay Holstad Yellow Card,1,2520,42',22164,0,0,1980-01-01,0.0,0.0,0.0,0.0,0.0,0.0,279821,Clay Holstad,2025-06-01 04:59:19
13102,726719,5,45340747,94,Albert Dikwa Lega (Rhode Island FC) Yellow Card at 46',Albert Dikwa Lega Yellow Card,1,2700,45'+1',22164,0,0,1980-01-01,0.0,0.0,0.0,0.0,0.0,0.0,252987,Albert Dikwa Lega,2025-06-01 04:59:19
13102,726719,6,45341267,76,Zachary Herivaux (Rhode Island FC) Substitution at 61',Zachary Herivaux Substitution,2,3660,61',22164,0,0,1980-01-01,0.0,0.0,0.0,0.0,0.0,0.0,218846,Zachary Herivaux,2025-06-01 04:59:19
13102,726719,6,45341267,76,Zachary Herivaux (Rhode Island FC) Substitution at 61',Zachary Herivaux Substitution,2,3660,61',22164,0,0,1980-01-01,0.0,0.0,0.0,0.0,0.0,0.0,111864,Maxi Rodriguez,2025-06-01 04:59:19
13102,726719,7,45341304,94,Guillaume Vacter (Pittsburgh Riverhounds) Yellow Card at 64',Guillaume Vacter Yellow Card,2,3840,64',17827,0,0,1980-01-01,0.0,0.0,0.0,0.0,0.0,0.0,403199,Guillaume Vacter,2025-06-01 04:59:19
13102,726719,8,45341318,76,Jorge Garcia (Pittsburgh Riverhounds) Substitution at 67',Jorge Garcia Substitution,2,4020,67',17827,0,0,1980-01-01,0.0,0.0,0.0,0.0,0.0,0.0,89102,Jorge Garcia,2025-06-01 04:59:19
13102,726719,9,45341331,76,Bradley Sample (Pittsburgh Riverhounds) Substitution at 67',Bradley Sample Substitution,2,4020,67',17827,0,0,1980-01-01,0.0,0.0,0.0,0.0,0.0,0.0,293773,Bradley Sample,2025-06-01 04:59:19
13102,726719,8,45341318,76,Jorge Garcia (Pittsburgh Riverhounds) Substitution at 67',Jorge Garcia Substitution,2,4020,67',17827,0,0,1980-01-01,0.0,0.0,0.0,0.0,0.0,0.0,276365,Brunallergene Etou,2025-06-01 04:59:19
13102,726719,9,45341331,76,Bradley Sample (Pittsburgh Riverhounds) Substitution at 67',Bradley Sample Substitution,2,4020,67',17827,0,0,1980-01-01,0.0,0.0,0.0,0.0,0.0,0.0,308961,Bertin Jacquesson,2025-06-01 04:59:19
13102,726719,10,45341358,94,Zachary Herivaux (Rhode Island FC) Yellow Card at 71',Zachary Herivaux Yellow Card,2,4260,71',22164,0,0,1980-01-01,0.0,0.0,0.0,0.0,0.0,0.0,218846,Zachary Herivaux,2025-06-01 04:59:19
13102,726719,11,45341362,76,Karifa Yao (Rhode Island FC) Substitution at 73',Karifa Yao Substitution,2,4380,73',22164,0,0,1980-01-01,0.0,0.0,0.0,0.0,0.0,0.0,288980,Karifa Yao,2025-06-01 04:59:19
13102,726719,12,45341363,76,Joseph Brito (Rhode Island FC) Substitution at 73',Joseph Brito Substitution,2,4380,73',22164,0,0,1980-01-01,0.0,0.0,0.0,0.0,0.0,0.0,338778,Joseph Brito,2025-06-01 04:59:19
13102,726719,11,45341362,76,Karifa Yao (Rhode Island FC) Substitution at 73',Karifa Yao Substitution,2,4380,73',22164,0,0,1980-01-01,0.0,0.0,0.0,0.0,0.0,0.0,297831,Amos Shapiro-Thompson,2025-06-01 04:59:19
13102,726719,12,45341363,76,Joseph Brito (Rhode Island FC) Substitution at 73',Joseph Brito Substitution,2,4380,73',22164,0,0,1980-01-01,0.0,0.0,0.0,0.0,0.0,0.0,316340,Noah Fuson,2025-06-01 04:59:19
13102,726719,13,45341420,76,Abdul Illal Osumanu (Pittsburgh Riverhounds) Substitution at 77',Abdul Illal Osumanu Substitution,2,4620,77',17827,0,0,1980-01-01,0.0,0.0,0.0,0.0,0.0,0.0,303723,Abdul Illal Osumanu,2025-06-01 04:59:19
13102,726719,13,45341420,76,Abdul Illal Osumanu (Pittsburgh Riverhounds) Substitution at 77',Abdul Illal Osumanu Substitution,2,4620,77',17827,0,0,1980-01-01,0.0,0.0,0.0,0.0,0.0,0.0,403199,Guillaume Vacter,2025-06-01 04:59:19
13102,726719,14,45341568,76,Taimu Okiyoshi (Rhode Island FC) Substitution at 84',Taimu Okiyoshi Substitution,2,5040,84',22164,0,0,1980-01-01,0.0,0.0,0.0,0.0,0.0,0.0,337738,Taimu Okiyoshi,2025-06-01 04:59:19
13102,726719,14,45341568,76,Taimu Okiyoshi (Rhode Island FC) Substitution at 84',Taimu Okiyoshi Substitution,2,5040,84',22164,0,0,1980-01-01,0.0,0.0,0.0,0.0,0.0,0.0,292944,Jojea Kwizera,2025-06-01 04:59:19
13102,726720,1,45340453,94,Beckett Howell (Richmond Kickers) Yellow Card at 18',Beckett Howell Yellow Card,1,1080,18',17545,0,0,1980-01-01,0.0,0.0,0.0,0.0,0.0,0.0,360311,Beckett Howell,2025-06-01 04:59:19
13102,726720,2,45340528,94,Adam Luckhurst (North Carolina FC) Yellow Card at 29',Adam Luckhurst Yellow Card,1,1740,29',9725,0,0,1980-01-01,0.0,0.0,0.0,0.0,0.0,0.0,330015,Adam Luckhurst,2025-06-01 04:59:19
13102,726720,3,45341026,76,Rafael Duizit Mentzingen (North Carolina FC) Substitution at 45',Rafael Duizit Mentzingen Substit,2,2700,45',9725,0,0,1980-01-01,0.0,0.0,0.0,0.0,0.0,0.0,273658,Rafael Duizit Mentzingen,2025-06-01 04:59:19
13102,726720,3,45341026,76,Rafael Duizit Mentzingen (North Carolina FC) Substitution at 45',Rafael Duizit Mentzingen Substit,2,2700,45',9725,0,0,1980-01-01,0.0,0.0,0.0,0.0,0.0,0.0,236428,Triston Hodge,2025-06-01 04:59:19
13102,726720,4,45341346,76,Landon Johnson (Richmond Kickers) Substitution at 71',Landon Johnson Substitution,2,4260,71',17545,0,0,1980-01-01,0.0,0.0,0.0,0.0,0.0,0.0,366098,Landon Johnson,2025-06-01 04:59:19
13102,726720,5,45341347,76,Hayden Anderson (Richmond Kickers) Substitution at 71',Hayden Anderson Substitution,2,4260,71',17545,0,0,1980-01-01,0.0,0.0,0.0,0.0,0.0,0.0,381429,Hayden Anderson,2025-06-01 04:59:19
13102,726720,6,45341348,76,Maximiliano Schenfeld (Richmond Kickers) Substitution at 71',Maximiliano Schenfeld Substituti,2,4260,71',17545,0,0,1980-01-01,0.0,0.0,0.0,0.0,0.0,0.0,273619,Maximiliano Schenfeld,2025-06-01 04:59:19
13102,726720,4,45341346,76,Landon Johnson (Richmond Kickers) Substitution at 71',Landon Johnson Substitution,2,4260,71',17545,0,0,1980-01-01,0.0,0.0,0.0,0.0,0.0,0.0,236870,Mathew Bolduc,2025-06-01 04:59:19
13102,726720,5,45341347,76,Hayden Anderson (Richmond Kickers) Substitution at 71',Hayden Anderson Substitution,2,4260,71',17545,0,0,1980-01-01,0.0,0.0,0.0,0.0,0.0,0.0,391738,Joshua Kirkland,2025-06-01 04:59:19
13102,726720,6,45341348,76,Maximiliano Schenfeld (Richmond Kickers) Substitution at 71',Maximiliano Schenfeld Substituti,2,4260,71',17545,0,0,1980-01-01,0.0,0.0,0.0,0.0,0.0,0.0,360311,Beckett Howell,2025-06-01 04:59:19
13102,726720,7,45341405,94,James Vaughan (Richmond Kickers) Yellow Card at 78',James Vaughan Yellow Card,2,4680,78',17545,0,0,1980-01-01,0.0,0.0,0.0,0.0,0.0,0.0,288325,James Vaughan,2025-06-01 04:59:19
13102,726720,8,45341468,70,Adam Luckhurst (North Carolina FC) Goal at 81',Adam Luckhurst Goal,2,4860,81',9725,0,0,1980-01-01,0.0,0.0,0.0,0.0,0.0,0.0,330015,Adam Luckhurst,2025-06-01 04:59:19
13102,726720,9,45341499,76,Andrew Richman (Richmond Kickers) Substitution at 82',Andrew Richman Substitution,2,4920,82',17545,0,0,1980-01-01,0.0,0.0,0.0,0.0,0.0,0.0,400731,Andrew Richman,2025-06-01 04:59:19
13102,726720,9,45341499,76,Andrew Richman (Richmond Kickers) Substitution at 82',Andrew Richman Substitution,2,4920,82',17545,0,0,1980-01-01,0.0,0.0,0.0,0.0,0.0,0.0,288325,James Vaughan,2025-06-01 04:59:19
13102,726720,10,45341560,76,Finn Sundstrom (North Carolina FC) Substitution at 85',Finn Sundstrom Substitution,2,5100,85',9725,0,0,1980-01-01,0.0,0.0,0.0,0.0,0.0,0.0,384323,Finn Sundstrom,2025-06-01 04:59:19
13102,726720,10,45341560,76,Finn Sundstrom (North Carolina FC) Substitution at 85',Finn Sundstrom Substitution,2,5100,85',9725,0,0,1980-01-01,0.0,0.0,0.0,0.0,0.0,0.0,294178,Justin Malou,2025-06-01 04:59:19
13102,726720,11,45341641,94,Andrew Richman (Richmond Kickers) Yellow Card at 88',Andrew Richman Yellow Card,2,5280,88',17545,0,0,1980-01-01,0.0,0.0,0.0,0.0,0.0,0.0,400731,Andrew Richman,2025-06-01 04:59:19
13102,726720,12,45341668,76,Guilherme França (Richmond Kickers) Substitution at 88',Guilherme França Substitution,2,5280,88',17545,0,0,1980-01-01,0.0,0.0,0.0,0.0,0.0,0.0,381589,Guilherme França,2025-06-01 04:59:19
13102,726720,12,45341668,76,Guilherme França (Richmond Kickers) Substitution at 88',Guilherme França Substitution,2,5280,88',17545,0,0,1980-01-01,0.0,0.0,0.0,0.0,0.0,0.0,381590,Griffin Garnett,2025-06-01 04:59:19
13102,726720,13,45341854,94,Landon Johnson (Richmond Kickers) Yellow Card at 99',Landon Johnson Yellow Card,2,5400,90'+9',17545,0,0,1980-01-01,0.0,0.0,0.0,0.0,0.0,0.0,366098,Landon Johnson,2025-06-01 04:59:19
13102,726721,1,45342954,94,Turner Humphrey (Las Vegas Lights FC) Yellow Card at 22',Turner Humphrey Yellow Card,1,1320,22',18987,0,0,1980-01-01,0.0,0.0,0.0,0.0,0.0,0.0,379567,Turner Humphrey,2025-06-01 04:59:19
13102,726721,2,45342982,94,Christopher Pearson (Las Vegas Lights FC) Yellow Card at 25',Christopher Pearson Yellow Card,1,1500,25',18987,0,0,1980-01-01,0.0,0.0,0.0,0.0,0.0,0.0,338070,Christopher Pearson,2025-06-01 04:59:19
13102,726721,3,45343060,70,Ryan Spaulding (Sacramento Republic FC) Goal at 36',Ryan Spaulding Goal,1,2160,36',17828,0,0,1980-01-01,0.0,0.0,0.0,0.0,0.0,0.0,246392,Ryan Spaulding,2025-06-01 04:59:19
13102,726721,4,45343068,70,Cristian Parano (Sacramento Republic FC) Goal at 37',Cristian Parano Goal,1,2220,37',17828,0,0,1980-01-01,0.0,0.0,0.0,0.0,0.0,0.0,272615,Cristian Parano,2025-06-01 04:59:19
13102,726721,5,45343228,70,Michelle Benítez (Sacramento Republic FC) Goal at 53',Michelle Benítez Goal,2,3180,53',17828,0,0,1980-01-01,0.0,0.0,0.0,0.0,0.0,0.0,241490,Michelle Benítez,2025-06-01 04:59:19
13102,726721,6,45343231,76,Johnny Rodriguez (Las Vegas Lights FC) Substitution at 55',Johnny Rodriguez Substitution,2,3300,55',18987,0,0,1980-01-01,0.0,0.0,0.0,0.0,0.0,0.0,296273,Johnny Rodriguez,2025-06-01 04:59:19
13102,726721,7,45343248,76,Christian Pinzon (Las Vegas Lights FC) Substitution at 55',Christian Pinzon Substitution,2,3300,55',18987,0,0,1980-01-01,0.0,0.0,0.0,0.0,0.0,0.0,346190,Christian Pinzon,2025-06-01 04:59:19
13102,726721,8,45343249,76,Valentin Noël (Las Vegas Lights FC) Substitution at 55',Valentin Noël Substitution,2,3300,55',18987,0,0,1980-01-01,0.0,0.0,0.0,0.0,0.0,0.0,279283,Valentin Noël,2025-06-01 04:59:19
13102,726721,6,45343231,76,Johnny Rodriguez (Las Vegas Lights FC) Substitution at 55',Johnny Rodriguez Substitution,2,3300,55',18987,0,0,1980-01-01,0.0,0.0,0.0,0.0,0.0,0.0,346970,Nighte Pickering,2025-06-01 04:59:19
13102,726721,7,45343248,76,Christian Pinzon (Las Vegas Lights FC) Substitution at 55',Christian Pinzon Substitution,2,3300,55',18987,0,0,1980-01-01,0.0,0.0,0.0,0.0,0.0,0.0,170229,Joseph-Claude Gyau,2025-06-01 04:59:19
13102,726721,8,45343249,76,Valentin Noël (Las Vegas Lights FC) Substitution at 55',Valentin Noël Substitution,2,3300,55',18987,0,0,1980-01-01,0.0,0.0,0.0,0.0,0.0,0.0,276694,Daouda Peeters,2025-06-01 04:59:19
13102,726721,9,45343251,76,Juan Sebastian Herrera (Sacramento Republic FC) Substitution at 56',Juan Sebastian Herrera Substitut,2,3360,56',17828,0,0,1980-01-01,0.0,0.0,0.0,0.0,0.0,0.0,135017,Juan Sebastian Herrera,2025-06-01 04:59:19
13102,726721,9,45343251,76,Juan Sebastian Herrera (Sacramento Republic FC) Substitution at 56',Juan Sebastian Herrera Substitut,2,3360,56',17828,0,0,1980-01-01,0.0,0.0,0.0,0.0,0.0,0.0,291516,Lewis Jamieson,2025-06-01 04:59:19
13102,726721,10,45343274,70,Russell Cicerone (Sacramento Republic FC) Goal at 58',Russell Cicerone Goal,2,3480,58',17828,0,0,1980-01-01,0.0,0.0,0.0,0.0,0.0,0.0,230600,Russell Cicerone,2025-06-01 04:59:19
13102,726721,11,45343281,76,Rodrigo Lopez (Sacramento Republic FC) Substitution at 64',Rodrigo Lopez Substitution,2,3840,64',17828,0,0,1980-01-01,0.0,0.0,0.0,0.0,0.0,0.0,103806,Rodrigo Lopez,2025-06-01 04:59:19
13102,726721,11,45343281,76,Rodrigo Lopez (Sacramento Republic FC) Substitution at 64',Rodrigo Lopez Substitution,2,3840,64',17828,0,0,1980-01-01,0.0,0.0,0.0,0.0,0.0,0.0,246392,Ryan Spaulding,2025-06-01 04:59:19
13102,726721,12,45343282,76,Dominik Wanner (Sacramento Republic FC) Substitution at 65',Dominik Wanner Substitution,2,3900,65',17828,0,0,1980-01-01,0.0,0.0,0.0,0.0,0.0,0.0,231179,Dominik Wanner,2025-06-01 04:59:19
13102,726721,12,45343282,76,Dominik Wanner (Sacramento Republic FC) Substitution at 65',Dominik Wanner Substitution,2,3900,65',17828,0,0,1980-01-01,0.0,0.0,0.0,0.0,0.0,0.0,230600,Russell Cicerone,2025-06-01 04:59:19
13102,726721,13,45343286,76,Elias Gärtig (Las Vegas Lights FC) Substitution at 66',Elias Gärtig Substitution,2,3960,66',18987,0,0,1980-01-01,0.0,0.0,0.0,0.0,0.0,0.0,390092,Elias Gärtig,2025-06-01 04:59:19
13102,726721,14,45343287,76,Maliek Howell (Las Vegas Lights FC) Substitution at 66',Maliek Howell Substitution,2,3960,66',18987,0,0,1980-01-01,0.0,0.0,0.0,0.0,0.0,0.0,282410,Maliek Howell,2025-06-01 04:59:19
13102,726721,13,45343286,76,Elias Gärtig (Las Vegas Lights FC) Substitution at 66',Elias Gärtig Substitution,2,3960,66',18987,0,0,1980-01-01,0.0,0.0,0.0,0.0,0.0,0.0,379567,Turner Humphrey,2025-06-01 04:59:19
13102,726721,14,45343287,76,Maliek Howell (Las Vegas Lights FC) Substitution at 66',Maliek Howell Substitution,2,3960,66',18987,0,0,1980-01-01,0.0,0.0,0.0,0.0,0.0,0.0,361320,Nathaniel Jones,2025-06-01 04:59:19
13102,726721,15,45343306,76,Da'Vian Kimbrough (Sacramento Republic FC) Substitution at 75',Da'Vian Kimbrough Substitution,2,4500,75',17828,0,0,1980-01-01,0.0,0.0,0.0,0.0,0.0,0.0,371801,Da'Vian Kimbrough,2025-06-01 04:59:19
13102,726721,16,45343307,76,Aaron Edwards (Sacramento Republic FC) Substitution at 75',Aaron Edwards Substitution,2,4500,75',17828,0,0,1980-01-01,0.0,0.0,0.0,0.0,0.0,0.0,400721,Aaron Edwards,2025-06-01 04:59:19
13102,726721,15,45343306,76,Da'Vian Kimbrough (Sacramento Republic FC) Substitution at 75',Da'Vian Kimbrough Substitution,2,4500,75',17828,0,0,1980-01-01,0.0,0.0,0.0,0.0,0.0,0.0,272615,Cristian Parano,2025-06-01 04:59:19
13102,726721,16,45343307,76,Aaron Edwards (Sacramento Republic FC) Substitution at 75',Aaron Edwards Substitution,2,4500,75',17828,0,0,1980-01-01,0.0,0.0,0.0,0.0,0.0,0.0,202672,Jack Gurr,2025-06-01 04:59:19
13102,726722,1,45340577,94,Conor Doyle (South Georgia Tormenta FC) Yellow Card at 6',Conor Doyle Yellow Card,1,360,6',19181,0,0,1980-01-01,0.0,0.0,0.0,0.0,0.0,0.0,150495,Conor Doyle,2025-06-01 04:59:19
13102,726722,2,45340913,70,Sebastián Vivas (South Georgia Tormenta FC) Goal at 28',Sebastián Vivas Goal,1,1680,28',19181,0,0,1980-01-01,0.0,0.0,0.0,0.0,0.0,0.0,265386,Sebastián Vivas,2025-06-01 04:59:19
13102,726722,3,45341104,94,Daniel Crisostomo (Tampa Bay Rowdies) Yellow Card at 39',Daniel Crisostomo Yellow Card,1,2340,39',17361,0,0,1980-01-01,0.0,0.0,0.0,0.0,0.0,0.0,273790,Daniel Crisostomo,2025-06-01 04:59:19
13102,726722,4,45341421,76,Laurence Wyke (Tampa Bay Rowdies) Substitution at 45',Laurence Wyke Substitution,2,2700,45',17361,0,0,1980-01-01,0.0,0.0,0.0,0.0,0.0,0.0,283264,Laurence Wyke,2025-06-01 04:59:19
13102,726722,5,45341422,76,Alexander Rodriguez (Tampa Bay Rowdies) Substitution at 45',Alexander Rodriguez Substitution,2,2700,45',17361,0,0,1980-01-01,0.0,0.0,0.0,0.0,0.0,0.0,128065,Alexander Rodriguez,2025-06-01 04:59:19
13102,726722,4,45341421,76,Laurence Wyke (Tampa Bay Rowdies) Substitution at 45',Laurence Wyke Substitution,2,2700,45',17361,0,0,1980-01-01,0.0,0.0,0.0,0.0,0.0,0.0,220502,Forrest Lasso,2025-06-01 04:59:19
13102,726722,5,45341422,76,Alexander Rodriguez (Tampa Bay Rowdies) Substitution at 45',Alexander Rodriguez Substitution,2,2700,45',17361,0,0,1980-01-01,0.0,0.0,0.0,0.0,0.0,0.0,29517,Nick Moon,2025-06-01 04:59:19
13102,726722,6,45341610,94,Thomas Vancaeyezeele (Tampa Bay Rowdies) Yellow Card at 54',Thomas Vancaeyezeele Yellow Card,2,3240,54',17361,0,0,1980-01-01,0.0,0.0,0.0,0.0,0.0,0.0,272025,Thomas Vancaeyezeele,2025-06-01 04:59:19
13102,726722,7,45341788,76,Woobens Pacius (Tampa Bay Rowdies) Substitution at 64',Woobens Pacius Substitution,2,3840,64',17361,0,0,1980-01-01,0.0,0.0,0.0,0.0,0.0,0.0,324768,Woobens Pacius,2025-06-01 04:59:19
13102,726722,7,45341788,76,Woobens Pacius (Tampa Bay Rowdies) Substitution at 64',Woobens Pacius Substitution,2,3840,64',17361,0,0,1980-01-01,0.0,0.0,0.0,0.0,0.0,0.0,272025,Thomas Vancaeyezeele,2025-06-01 04:59:19
13102,726722,8,45341894,76,Callum Stretch (South Georgia Tormenta FC) Substitution at 70',Callum Stretch Substitution,2,4200,70',19181,0,0,1980-01-01,0.0,0.0,0.0,0.0,0.0,0.0,295349,Callum Stretch,2025-06-01 04:59:19
13102,726722,9,45341895,76,Alon Drey (South Georgia Tormenta FC) Substitution at 70',Alon Drey Substitution,2,4200,70',19181,0,0,1980-01-01,0.0,0.0,0.0,0.0,0.0,0.0,361285,Alon Drey,2025-06-01 04:59:19
13102,726722,8,45341894,76,Callum Stretch (South Georgia Tormenta FC) Substitution at 70',Callum Stretch Substitution,2,4200,70',19181,0,0,1980-01-01,0.0,0.0,0.0,0.0,0.0,0.0,347441,Jackson Kasanze,2025-06-01 04:59:19
13102,726722,9,45341895,76,Alon Drey (South Georgia Tormenta FC) Substitution at 70',Alon Drey Substitution,2,4200,70',19181,0,0,1980-01-01,0.0,0.0,0.0,0.0,0.0,0.0,150495,Conor Doyle,2025-06-01 04:59:19
13102,726722,10,45342120,70,Woobens Pacius (Tampa Bay Rowdies) Goal at 79',Woobens Pacius Goal,2,4740,79',17361,0,0,1980-01-01,0.0,0.0,0.0,0.0,0.0,0.0,324768,Woobens Pacius,2025-06-01 04:59:19
13102,726722,11,45342138,76,Endri Mustali (Tampa Bay Rowdies) Substitution at 81',Endri Mustali Substitution,2,4860,81',17361,0,0,1980-01-01,0.0,0.0,0.0,0.0,0.0,0.0,389362,Endri Mustali,2025-06-01 04:59:19
13102,726722,12,45342160,76,Joseph Skinner (Tampa Bay Rowdies) Substitution at 81',Joseph Skinner Substitution,2,4860,81',17361,0,0,1980-01-01,0.0,0.0,0.0,0.0,0.0,0.0,303347,Joseph Skinner,2025-06-01 04:59:19
13102,726722,13,45342195,76,Aaron Walker (South Georgia Tormenta FC) Substitution at 81',Aaron Walker Substitution,2,4860,81',19181,0,0,1980-01-01,0.0,0.0,0.0,0.0,0.0,0.0,252979,Aaron Walker,2025-06-01 04:59:19
13102,726722,14,45342196,76,Taylor Gray (South Georgia Tormenta FC) Substitution at 81',Taylor Gray Substitution,2,4860,81',19181,0,0,1980-01-01,0.0,0.0,0.0,0.0,0.0,0.0,339151,Taylor Gray,2025-06-01 04:59:19
13102,726722,11,45342138,76,Endri Mustali (Tampa Bay Rowdies) Substitution at 81',Endri Mustali Substitution,2,4860,81',17361,0,0,1980-01-01,0.0,0.0,0.0,0.0,0.0,0.0,233038,Aaron Guillen,2025-06-01 04:59:19
13102,726722,12,45342160,76,Joseph Skinner (Tampa Bay Rowdies) Substitution at 81',Joseph Skinner Substitution,2,4860,81',17361,0,0,1980-01-01,0.0,0.0,0.0,0.0,0.0,0.0,252820,Blake Bodily,2025-06-01 04:59:19
13102,726722,13,45342195,76,Aaron Walker (South Georgia Tormenta FC) Substitution at 81',Aaron Walker Substitution,2,4860,81',19181,0,0,1980-01-01,0.0,0.0,0.0,0.0,0.0,0.0,265386,Sebastián Vivas,2025-06-01 04:59:19
13102,726722,14,45342196,76,Taylor Gray (South Georgia Tormenta FC) Substitution at 81',Taylor Gray Substitution,2,4860,81',19181,0,0,1980-01-01,0.0,0.0,0.0,0.0,0.0,0.0,315564,Jonathan Nyandjo,2025-06-01 04:59:19
13102,726722,15,45342305,94,Austin Pack (South Georgia Tormenta FC) Yellow Card at 87',Austin Pack Yellow Card,2,5220,87',19181,0,0,1980-01-01,0.0,0.0,0.0,0.0,0.0,0.0,235763,Austin Pack,2025-06-01 04:59:19
13102,726722,16,45342340,76,Mason Tunbridge (South Georgia Tormenta FC) Substitution at 89',Mason Tunbridge Substitution,2,5340,89',19181,0,0,1980-01-01,0.0,0.0,0.0,0.0,0.0,0.0,348717,Mason Tunbridge,2025-06-01 04:59:19
13102,726722,16,45342340,76,Mason Tunbridge (South Georgia Tormenta FC) Substitution at 89',Mason Tunbridge Substitution,2,5340,89',19181,0,0,1980-01-01,0.0,0.0,0.0,0.0,0.0,0.0,326111,Yaniv Bazini,2025-06-01 04:59:19
13102,726722,17,45342460,70,Ollie Bassett (Tampa Bay Rowdies) Goal at 94',Ollie Bassett Goal,2,5400,90'+4',17361,0,0,1980-01-01,0.0,0.0,0.0,0.0,0.0,0.0,227437,Ollie Bassett,2025-06-01 04:59:19
